date,store_nbr,family,sales,onpromotion,city,state,type,cluster,year,month,day,day_of_week,week_of_year,is_weekend,quarter,type_encoded,family_encoded,predicted_sales
2013-01-01,1,AUTOMOTIVE,0.0,0,Quito,Pichincha,D,13,2013,1,1,1,1,0,1,4,0,-48.027794
2013-01-01,1,BABY CARE,0.0,0,Quito,Pichincha,D,13,2013,1,1,1,1,0,1,4,1,-49.84464
2013-01-01,1,BEAUTY,0.0,0,Quito,Pichincha,D,13,2013,1,1,1,1,0,1,4,2,-49.495823
2013-01-01,1,BEVERAGES,0.0,0,Quito,Pichincha,D,13,2013,1,1,1,1,0,1,4,3,1119.937
2013-01-01,1,BOOKS,0.0,0,Quito,Pichincha,D,13,2013,1,1,1,1,0,1,4,4,-105.723045
2013-01-01,1,BREAD/BAKERY,0.0,0,Quito,Pichincha,D,13,2013,1,1,1,1,0,1,4,5,199.00685
2013-01-01,1,CELEBRATION,0.0,0,Quito,Pichincha,D,13,2013,1,1,1,1,0,1,4,6,-117.691444
2013-01-01,1,CLEANING,0.0,0,Quito,Pichincha,D,13,2013,1,1,1,1,0,1,4,7,805.2474
2013-01-01,1,DAIRY,0.0,0,Quito,Pichincha,D,13,2013,1,1,1,1,0,1,4,8,352.6737
2013-01-01,1,DELI,0.0,0,Quito,Pichincha,D,13,2013,1,1,1,1,0,1,4,9,82.78538
2013-01-01,1,EGGS,0.0,0,Quito,Pichincha,D,13,2013,1,1,1,1,0,1,4,10,47.398262
2013-01-01,1,FROZEN FOODS,0.0,0,Quito,Pichincha,D,13,2013,1,1,1,1,0,1,4,11,33.585457
2013-01-01,1,GROCERY I,0.0,0,Quito,Pichincha,D,13,2013,1,1,1,1,0,1,4,12,1877.5354
2013-01-01,1,GROCERY II,0.0,0,Quito,Pichincha,D,13,2013,1,1,1,1,0,1,4,13,-23.290833
2013-01-01,1,HARDWARE,0.0,0,Quito,Pichincha,D,13,2013,1,1,1,1,0,1,4,14,-26.438774
2013-01-01,1,HOME AND KITCHEN I,0.0,0,Quito,Pichincha,D,13,2013,1,1,1,1,0,1,4,15,-26.438774
2013-01-01,1,HOME AND KITCHEN II,0.0,0,Quito,Pichincha,D,13,2013,1,1,1,1,0,1,4,16,-26.438774
2013-01-01,1,HOME APPLIANCES,0.0,0,Quito,Pichincha,D,13,2013,1,1,1,1,0,1,4,17,-26.438774
2013-01-01,1,HOME CARE,0.0,0,Quito,Pichincha,D,13,2013,1,1,1,1,0,1,4,18,-3.8063493
2013-01-01,1,LADIESWEAR,0.0,0,Quito,Pichincha,D,13,2013,1,1,1,1,0,1,4,19,-18.010519
2013-01-01,1,LAWN AND GARDEN,0.0,0,Quito,Pichincha,D,13,2013,1,1,1,1,0,1,4,20,-18.010519
2013-01-01,1,LINGERIE,0.0,0,Quito,Pichincha,D,13,2013,1,1,1,1,0,1,4,21,-18.010519
2013-01-01,1,"LIQUOR,WINE,BEER",0.0,0,Quito,Pichincha,D,13,2013,1,1,1,1,0,1,4,22,6.1730676
2013-01-01,1,MAGAZINES,0.0,0,Quito,Pichincha,D,13,2013,1,1,1,1,0,1,4,23,-13.543129
2013-01-01,1,MEATS,0.0,0,Quito,Pichincha,D,13,2013,1,1,1,1,0,1,4,24,199.72612
2013-01-01,1,PERSONAL CARE,0.0,0,Quito,Pichincha,D,13,2013,1,1,1,1,0,1,4,25,140.75095
2013-01-01,1,PET SUPPLIES,0.0,0,Quito,Pichincha,D,13,2013,1,1,1,1,0,1,4,26,-22.610306
2013-01-01,1,PLAYERS AND ELECTRONICS,0.0,0,Quito,Pichincha,D,13,2013,1,1,1,1,0,1,4,27,-22.610306
2013-01-01,1,POULTRY,0.0,0,Quito,Pichincha,D,13,2013,1,1,1,1,0,1,4,28,206.93745
2013-01-01,1,PREPARED FOODS,0.0,0,Quito,Pichincha,D,13,2013,1,1,1,1,0,1,4,29,49.009014
2013-01-01,1,PRODUCE,0.0,0,Quito,Pichincha,D,13,2013,1,1,1,1,0,1,4,30,39.844795
2013-01-01,1,SCHOOL AND OFFICE SUPPLIES,0.0,0,Quito,Pichincha,D,13,2013,1,1,1,1,0,1,4,31,-68.13092
2013-01-01,1,SEAFOOD,0.0,0,Quito,Pichincha,D,13,2013,1,1,1,1,0,1,4,32,-61.023148
2013-01-01,10,AUTOMOTIVE,0.0,0,Quito,Pichincha,C,15,2013,1,1,1,1,0,1,3,0,-65.41333
2013-01-01,10,BABY CARE,0.0,0,Quito,Pichincha,C,15,2013,1,1,1,1,0,1,3,1,-67.23018
2013-01-01,10,BEAUTY,0.0,0,Quito,Pichincha,C,15,2013,1,1,1,1,0,1,3,2,-66.88136
2013-01-01,10,BEVERAGES,0.0,0,Quito,Pichincha,C,15,2013,1,1,1,1,0,1,3,3,900.19855
2013-01-01,10,BOOKS,0.0,0,Quito,Pichincha,C,15,2013,1,1,1,1,0,1,3,4,-120.134224
2013-01-01,10,BREAD/BAKERY,0.0,0,Quito,Pichincha,C,15,2013,1,1,1,1,0,1,3,5,154.77519
2013-01-01,10,CELEBRATION,0.0,0,Quito,Pichincha,C,15,2013,1,1,1,1,0,1,3,6,-134.77414
2013-01-01,10,CLEANING,0.0,0,Quito,Pichincha,C,15,2013,1,1,1,1,0,1,3,7,767.82605
2013-01-01,10,DAIRY,0.0,0,Quito,Pichincha,C,15,2013,1,1,1,1,0,1,3,8,248.1544
2013-01-01,10,DELI,0.0,0,Quito,Pichincha,C,15,2013,1,1,1,1,0,1,3,9,56.090446
2013-01-01,10,EGGS,0.0,0,Quito,Pichincha,C,15,2013,1,1,1,1,0,1,3,10,5.641424
2013-01-01,10,FROZEN FOODS,0.0,0,Quito,Pichincha,C,15,2013,1,1,1,1,0,1,3,11,-8.171423
2013-01-01,10,GROCERY I,0.0,0,Quito,Pichincha,C,15,2013,1,1,1,1,0,1,3,12,2238.4602
2013-01-01,10,GROCERY II,0.0,0,Quito,Pichincha,C,15,2013,1,1,1,1,0,1,3,13,-23.812708
2013-01-01,10,HARDWARE,0.0,0,Quito,Pichincha,C,15,2013,1,1,1,1,0,1,3,14,-26.960651
2013-01-01,10,HOME AND KITCHEN I,0.0,0,Quito,Pichincha,C,15,2013,1,1,1,1,0,1,3,15,-26.960651
2013-01-01,10,HOME AND KITCHEN II,0.0,0,Quito,Pichincha,C,15,2013,1,1,1,1,0,1,3,16,-26.960651
2013-01-01,10,HOME APPLIANCES,0.0,0,Quito,Pichincha,C,15,2013,1,1,1,1,0,1,3,17,-26.960651
2013-01-01,10,HOME CARE,0.0,0,Quito,Pichincha,C,15,2013,1,1,1,1,0,1,3,18,-5.00861
2013-01-01,10,LADIESWEAR,0.0,0,Quito,Pichincha,C,15,2013,1,1,1,1,0,1,3,19,-19.212801
2013-01-01,10,LAWN AND GARDEN,0.0,0,Quito,Pichincha,C,15,2013,1,1,1,1,0,1,3,20,-19.212801
2013-01-01,10,LINGERIE,0.0,0,Quito,Pichincha,C,15,2013,1,1,1,1,0,1,3,21,-19.212801
2013-01-01,10,"LIQUOR,WINE,BEER",0.0,0,Quito,Pichincha,C,15,2013,1,1,1,1,0,1,3,22,4.9708
2013-01-01,10,MAGAZINES,0.0,0,Quito,Pichincha,C,15,2013,1,1,1,1,0,1,3,23,-14.745409
2013-01-01,10,MEATS,0.0,0,Quito,Pichincha,C,15,2013,1,1,1,1,0,1,3,24,114.60639
2013-01-01,10,PERSONAL CARE,0.0,0,Quito,Pichincha,C,15,2013,1,1,1,1,0,1,3,25,100.93455
2013-01-01,10,PET SUPPLIES,0.0,0,Quito,Pichincha,C,15,2013,1,1,1,1,0,1,3,26,-55.201187
2013-01-01,10,PLAYERS AND ELECTRONICS,0.0,0,Quito,Pichincha,C,15,2013,1,1,1,1,0,1,3,27,-55.201187
2013-01-01,10,POULTRY,0.0,0,Quito,Pichincha,C,15,2013,1,1,1,1,0,1,3,28,95.90928
2013-01-01,10,PREPARED FOODS,0.0,0,Quito,Pichincha,C,15,2013,1,1,1,1,0,1,3,29,-63.819344
2013-01-01,10,PRODUCE,0.0,0,Quito,Pichincha,C,15,2013,1,1,1,1,0,1,3,30,-42.532963
2013-01-01,10,SCHOOL AND OFFICE SUPPLIES,0.0,0,Quito,Pichincha,C,15,2013,1,1,1,1,0,1,3,31,-91.53274
2013-01-01,10,SEAFOOD,0.0,0,Quito,Pichincha,C,15,2013,1,1,1,1,0,1,3,32,-90.36556
2013-01-01,11,AUTOMOTIVE,0.0,0,Cayambe,Pichincha,B,6,2013,1,1,1,1,0,1,2,0,4.955656
2013-01-01,11,BABY CARE,0.0,0,Cayambe,Pichincha,B,6,2013,1,1,1,1,0,1,2,1,3.1388073
2013-01-01,11,BEAUTY,0.0,0,Cayambe,Pichincha,B,6,2013,1,1,1,1,0,1,2,2,3.4876232
2013-01-01,11,BEVERAGES,0.0,0,Cayambe,Pichincha,B,6,2013,1,1,1,1,0,1,2,3,1388.8062
2013-01-01,11,BOOKS,0.0,0,Cayambe,Pichincha,B,6,2013,1,1,1,1,0,1,2,4,-8.120832
2013-01-01,11,BREAD/BAKERY,0.0,0,Cayambe,Pichincha,B,6,2013,1,1,1,1,0,1,2,5,331.41302
2013-01-01,11,CELEBRATION,0.0,0,Cayambe,Pichincha,B,6,2013,1,1,1,1,0,1,2,6,7.9565144
2013-01-01,11,CLEANING,0.0,0,Cayambe,Pichincha,B,6,2013,1,1,1,1,0,1,2,7,1061.9146
2013-01-01,11,DAIRY,0.0,0,Cayambe,Pichincha,B,6,2013,1,1,1,1,0,1,2,8,475.62787
2013-01-01,11,DELI,0.0,0,Cayambe,Pichincha,B,6,2013,1,1,1,1,0,1,2,9,235.75438
2013-01-01,11,EGGS,0.0,0,Cayambe,Pichincha,B,6,2013,1,1,1,1,0,1,2,10,97.79838
2013-01-01,11,FROZEN FOODS,0.0,0,Cayambe,Pichincha,B,6,2013,1,1,1,1,0,1,2,11,83.98558
2013-01-01,11,GROCERY I,0.0,0,Cayambe,Pichincha,B,6,2013,1,1,1,1,0,1,2,12,4414.014
2013-01-01,11,GROCERY II,0.0,0,Cayambe,Pichincha,B,6,2013,1,1,1,1,0,1,2,13,22.214252
2013-01-01,11,HARDWARE,0.0,0,Cayambe,Pichincha,B,6,2013,1,1,1,1,0,1,2,14,19.066307
2013-01-01,11,HOME AND KITCHEN I,0.0,0,Cayambe,Pichincha,B,6,2013,1,1,1,1,0,1,2,15,19.066307
2013-01-01,11,HOME AND KITCHEN II,0.0,0,Cayambe,Pichincha,B,6,2013,1,1,1,1,0,1,2,16,19.066307
2013-01-01,11,HOME APPLIANCES,0.0,0,Cayambe,Pichincha,B,6,2013,1,1,1,1,0,1,2,17,19.066307
2013-01-01,11,HOME CARE,0.0,0,Cayambe,Pichincha,B,6,2013,1,1,1,1,0,1,2,18,57.072636
2013-01-01,11,LADIESWEAR,0.0,0,Cayambe,Pichincha,B,6,2013,1,1,1,1,0,1,2,19,24.681787
2013-01-01,11,LAWN AND GARDEN,0.0,0,Cayambe,Pichincha,B,6,2013,1,1,1,1,0,1,2,20,24.681787
2013-01-01,11,LINGERIE,0.0,0,Cayambe,Pichincha,B,6,2013,1,1,1,1,0,1,2,21,24.681787
2013-01-01,11,"LIQUOR,WINE,BEER",0.0,0,Cayambe,Pichincha,B,6,2013,1,1,1,1,0,1,2,22,48.86541
2013-01-01,11,MAGAZINES,0.0,0,Cayambe,Pichincha,B,6,2013,1,1,1,1,0,1,2,23,29.149176
2013-01-01,11,MEATS,0.0,0,Cayambe,Pichincha,B,6,2013,1,1,1,1,0,1,2,24,321.96115
2013-01-01,11,PERSONAL CARE,0.0,0,Cayambe,Pichincha,B,6,2013,1,1,1,1,0,1,2,25,231.69736
2013-01-01,11,PET SUPPLIES,0.0,0,Cayambe,Pichincha,B,6,2013,1,1,1,1,0,1,2,26,-10.269673
2013-01-01,11,PLAYERS AND ELECTRONICS,0.0,0,Cayambe,Pichincha,B,6,2013,1,1,1,1,0,1,2,27,-10.269673
2013-01-01,11,POULTRY,0.0,0,Cayambe,Pichincha,B,6,2013,1,1,1,1,0,1,2,28,196.81644
2013-01-01,11,PREPARED FOODS,0.0,0,Cayambe,Pichincha,B,6,2013,1,1,1,1,0,1,2,29,-6.951976
2013-01-01,11,PRODUCE,0.0,0,Cayambe,Pichincha,B,6,2013,1,1,1,1,0,1,2,30,-24.518219
2013-01-01,11,SCHOOL AND OFFICE SUPPLIES,0.0,0,Cayambe,Pichincha,B,6,2013,1,1,1,1,0,1,2,31,-26.00399
2013-01-01,11,SEAFOOD,0.0,0,Cayambe,Pichincha,B,6,2013,1,1,1,1,0,1,2,32,-24.836815
2013-01-01,12,AUTOMOTIVE,0.0,0,Latacunga,Cotopaxi,C,15,2013,1,1,1,1,0,1,3,0,-47.490322
2013-01-01,12,BABY CARE,0.0,0,Latacunga,Cotopaxi,C,15,2013,1,1,1,1,0,1,3,1,-49.307182
2013-01-01,12,BEAUTY,0.0,0,Latacunga,Cotopaxi,C,15,2013,1,1,1,1,0,1,3,2,-48.958366
2013-01-01,12,BEVERAGES,0.0,0,Latacunga,Cotopaxi,C,15,2013,1,1,1,1,0,1,3,3,724.9401
2013-01-01,12,BOOKS,0.0,0,Latacunga,Cotopaxi,C,15,2013,1,1,1,1,0,1,3,4,-113.39797
2013-01-01,12,BREAD/BAKERY,0.0,0,Latacunga,Cotopaxi,C,15,2013,1,1,1,1,0,1,3,5,150.26372
2013-01-01,12,CELEBRATION,0.0,0,Latacunga,Cotopaxi,C,15,2013,1,1,1,1,0,1,3,6,-117.43635
2013-01-01,12,CLEANING,0.0,0,Latacunga,Cotopaxi,C,15,2013,1,1,1,1,0,1,3,7,728.58826
2013-01-01,12,DAIRY,0.0,0,Latacunga,Cotopaxi,C,15,2013,1,1,1,1,0,1,3,8,243.64299
2013-01-01,12,DELI,0.0,0,Latacunga,Cotopaxi,C,15,2013,1,1,1,1,0,1,3,9,51.579018
2013-01-01,12,EGGS,0.0,0,Latacunga,Cotopaxi,C,15,2013,1,1,1,1,0,1,3,10,1.1299763
2013-01-01,12,FROZEN FOODS,0.0,0,Latacunga,Cotopaxi,C,15,2013,1,1,1,1,0,1,3,11,-12.682837
2013-01-01,12,GROCERY I,0.0,0,Latacunga,Cotopaxi,C,15,2013,1,1,1,1,0,1,3,12,1547.9253
2013-01-01,12,GROCERY II,0.0,0,Latacunga,Cotopaxi,C,15,2013,1,1,1,1,0,1,3,13,-14.633915
2013-01-01,12,HARDWARE,0.0,0,Latacunga,Cotopaxi,C,15,2013,1,1,1,1,0,1,3,14,-17.78186
2013-01-01,12,HOME AND KITCHEN I,0.0,0,Latacunga,Cotopaxi,C,15,2013,1,1,1,1,0,1,3,15,-17.78186
2013-01-01,12,HOME AND KITCHEN II,0.0,0,Latacunga,Cotopaxi,C,15,2013,1,1,1,1,0,1,3,16,-17.78186
2013-01-01,12,HOME APPLIANCES,0.0,0,Latacunga,Cotopaxi,C,15,2013,1,1,1,1,0,1,3,17,-17.78186
2013-01-01,12,HOME CARE,0.0,0,Latacunga,Cotopaxi,C,15,2013,1,1,1,1,0,1,3,18,4.1701665
2013-01-01,12,LADIESWEAR,0.0,0,Latacunga,Cotopaxi,C,15,2013,1,1,1,1,0,1,3,19,-10.034008
2013-01-01,12,LAWN AND GARDEN,0.0,0,Latacunga,Cotopaxi,C,15,2013,1,1,1,1,0,1,3,20,-10.034008
2013-01-01,12,LINGERIE,0.0,0,Latacunga,Cotopaxi,C,15,2013,1,1,1,1,0,1,3,21,-10.034008
2013-01-01,12,"LIQUOR,WINE,BEER",0.0,0,Latacunga,Cotopaxi,C,15,2013,1,1,1,1,0,1,3,22,14.149578
2013-01-01,12,MAGAZINES,0.0,0,Latacunga,Cotopaxi,C,15,2013,1,1,1,1,0,1,3,23,-5.5666413
2013-01-01,12,MEATS,0.0,0,Latacunga,Cotopaxi,C,15,2013,1,1,1,1,0,1,3,24,121.10622
2013-01-01,12,PERSONAL CARE,0.0,0,Latacunga,Cotopaxi,C,15,2013,1,1,1,1,0,1,3,25,107.43435
2013-01-01,12,PET SUPPLIES,0.0,0,Latacunga,Cotopaxi,C,15,2013,1,1,1,1,0,1,3,26,-48.70135
2013-01-01,12,PLAYERS AND ELECTRONICS,0.0,0,Latacunga,Cotopaxi,C,15,2013,1,1,1,1,0,1,3,27,-48.70135
2013-01-01,12,POULTRY,0.0,0,Latacunga,Cotopaxi,C,15,2013,1,1,1,1,0,1,3,28,47.45292
2013-01-01,12,PREPARED FOODS,0.0,0,Latacunga,Cotopaxi,C,15,2013,1,1,1,1,0,1,3,29,-76.52193
2013-01-01,12,PRODUCE,0.0,0,Latacunga,Cotopaxi,C,15,2013,1,1,1,1,0,1,3,30,-95.350655
2013-01-01,12,SCHOOL AND OFFICE SUPPLIES,0.0,0,Latacunga,Cotopaxi,C,15,2013,1,1,1,1,0,1,3,31,-90.99537
2013-01-01,12,SEAFOOD,0.0,0,Latacunga,Cotopaxi,C,15,2013,1,1,1,1,0,1,3,32,-89.82819
2013-01-01,13,AUTOMOTIVE,0.0,0,Latacunga,Cotopaxi,C,15,2013,1,1,1,1,0,1,3,0,-40.310368
2013-01-01,13,BABY CARE,0.0,0,Latacunga,Cotopaxi,C,15,2013,1,1,1,1,0,1,3,1,-42.12722
2013-01-01,13,BEAUTY,0.0,0,Latacunga,Cotopaxi,C,15,2013,1,1,1,1,0,1,3,2,-41.778404
2013-01-01,13,BEVERAGES,0.0,0,Latacunga,Cotopaxi,C,15,2013,1,1,1,1,0,1,3,3,732.1201
2013-01-01,13,BOOKS,0.0,0,Latacunga,Cotopaxi,C,15,2013,1,1,1,1,0,1,3,4,-106.21801
2013-01-01,13,BREAD/BAKERY,0.0,0,Latacunga,Cotopaxi,C,15,2013,1,1,1,1,0,1,3,5,157.44368
2013-01-01,13,CELEBRATION,0.0,0,Latacunga,Cotopaxi,C,15,2013,1,1,1,1,0,1,3,6,-110.256386
2013-01-01,13,CLEANING,0.0,0,Latacunga,Cotopaxi,C,15,2013,1,1,1,1,0,1,3,7,735.76825
2013-01-01,13,DAIRY,0.0,0,Latacunga,Cotopaxi,C,15,2013,1,1,1,1,0,1,3,8,250.82295
2013-01-01,13,DELI,0.0,0,Latacunga,Cotopaxi,C,15,2013,1,1,1,1,0,1,3,9,58.75898
2013-01-01,13,EGGS,0.0,0,Latacunga,Cotopaxi,C,15,2013,1,1,1,1,0,1,3,10,8.309927
2013-01-01,13,FROZEN FOODS,0.0,0,Latacunga,Cotopaxi,C,15,2013,1,1,1,1,0,1,3,11,-5.5028744
2013-01-01,13,GROCERY I,0.0,0,Latacunga,Cotopaxi,C,15,2013,1,1,1,1,0,1,3,12,1555.1052
2013-01-01,13,GROCERY II,0.0,0,Latacunga,Cotopaxi,C,15,2013,1,1,1,1,0,1,3,13,-16.031546
2013-01-01,13,HARDWARE,0.0,0,Latacunga,Cotopaxi,C,15,2013,1,1,1,1,0,1,3,14,-19.179491
2013-01-01,13,HOME AND KITCHEN I,0.0,0,Latacunga,Cotopaxi,C,15,2013,1,1,1,1,0,1,3,15,-19.179491
2013-01-01,13,HOME AND KITCHEN II,0.0,0,Latacunga,Cotopaxi,C,15,2013,1,1,1,1,0,1,3,16,-19.179491
2013-01-01,13,HOME APPLIANCES,0.0,0,Latacunga,Cotopaxi,C,15,2013,1,1,1,1,0,1,3,17,-19.179491
2013-01-01,13,HOME CARE,0.0,0,Latacunga,Cotopaxi,C,15,2013,1,1,1,1,0,1,3,18,2.7725356
2013-01-01,13,LADIESWEAR,0.0,0,Latacunga,Cotopaxi,C,15,2013,1,1,1,1,0,1,3,19,-11.431639
2013-01-01,13,LAWN AND GARDEN,0.0,0,Latacunga,Cotopaxi,C,15,2013,1,1,1,1,0,1,3,20,-11.431639
2013-01-01,13,LINGERIE,0.0,0,Latacunga,Cotopaxi,C,15,2013,1,1,1,1,0,1,3,21,-11.431639
2013-01-01,13,"LIQUOR,WINE,BEER",0.0,0,Latacunga,Cotopaxi,C,15,2013,1,1,1,1,0,1,3,22,12.751947
2013-01-01,13,MAGAZINES,0.0,0,Latacunga,Cotopaxi,C,15,2013,1,1,1,1,0,1,3,23,-6.964272
2013-01-01,13,MEATS,0.0,0,Latacunga,Cotopaxi,C,15,2013,1,1,1,1,0,1,3,24,121.10622
2013-01-01,13,PERSONAL CARE,0.0,0,Latacunga,Cotopaxi,C,15,2013,1,1,1,1,0,1,3,25,107.43435
2013-01-01,13,PET SUPPLIES,0.0,0,Latacunga,Cotopaxi,C,15,2013,1,1,1,1,0,1,3,26,-48.70135
2013-01-01,13,PLAYERS AND ELECTRONICS,0.0,0,Latacunga,Cotopaxi,C,15,2013,1,1,1,1,0,1,3,27,-48.70135
2013-01-01,13,POULTRY,0.0,0,Latacunga,Cotopaxi,C,15,2013,1,1,1,1,0,1,3,28,47.45292
2013-01-01,13,PREPARED FOODS,0.0,0,Latacunga,Cotopaxi,C,15,2013,1,1,1,1,0,1,3,29,-76.52193
2013-01-01,13,PRODUCE,0.0,0,Latacunga,Cotopaxi,C,15,2013,1,1,1,1,0,1,3,30,-95.350655
2013-01-01,13,SCHOOL AND OFFICE SUPPLIES,0.0,0,Latacunga,Cotopaxi,C,15,2013,1,1,1,1,0,1,3,31,-90.99537
2013-01-01,13,SEAFOOD,0.0,0,Latacunga,Cotopaxi,C,15,2013,1,1,1,1,0,1,3,32,-89.82819
2013-01-01,14,AUTOMOTIVE,0.0,0,Riobamba,Chimborazo,C,7,2013,1,1,1,1,0,1,3,0,-52.24732
2013-01-01,14,BABY CARE,0.0,0,Riobamba,Chimborazo,C,7,2013,1,1,1,1,0,1,3,1,-54.064175
2013-01-01,14,BEAUTY,0.0,0,Riobamba,Chimborazo,C,7,2013,1,1,1,1,0,1,3,2,-53.71535
2013-01-01,14,BEVERAGES,0.0,0,Riobamba,Chimborazo,C,7,2013,1,1,1,1,0,1,3,3,720.18317
2013-01-01,14,BOOKS,0.0,0,Riobamba,Chimborazo,C,7,2013,1,1,1,1,0,1,3,4,-118.15495
2013-01-01,14,BREAD/BAKERY,0.0,0,Riobamba,Chimborazo,C,7,2013,1,1,1,1,0,1,3,5,145.50676
2013-01-01,14,CELEBRATION,0.0,0,Riobamba,Chimborazo,C,7,2013,1,1,1,1,0,1,3,6,-122.19333
2013-01-01,14,CLEANING,0.0,0,Riobamba,Chimborazo,C,7,2013,1,1,1,1,0,1,3,7,766.67914
2013-01-01,14,DAIRY,0.0,0,Riobamba,Chimborazo,C,7,2013,1,1,1,1,0,1,3,8,254.54225
2013-01-01,14,DELI,0.0,0,Riobamba,Chimborazo,C,7,2013,1,1,1,1,0,1,3,9,31.984468
2013-01-01,14,EGGS,0.0,0,Riobamba,Chimborazo,C,7,2013,1,1,1,1,0,1,3,10,-3.4026928
2013-01-01,14,FROZEN FOODS,0.0,0,Riobamba,Chimborazo,C,7,2013,1,1,1,1,0,1,3,11,-17.215483
2013-01-01,14,GROCERY I,0.0,0,Riobamba,Chimborazo,C,7,2013,1,1,1,1,0,1,3,12,1632.7344
2013-01-01,14,GROCERY II,0.0,0,Riobamba,Chimborazo,C,7,2013,1,1,1,1,0,1,3,13,-28.691818
2013-01-01,14,HARDWARE,0.0,0,Riobamba,Chimborazo,C,7,2013,1,1,1,1,0,1,3,14,-31.839764
2013-01-01,14,HOME AND KITCHEN I,0.0,0,Riobamba,Chimborazo,C,7,2013,1,1,1,1,0,1,3,15,-31.839764
2013-01-01,14,HOME AND KITCHEN II,0.0,0,Riobamba,Chimborazo,C,7,2013,1,1,1,1,0,1,3,16,-31.839764
2013-01-01,14,HOME APPLIANCES,0.0,0,Riobamba,Chimborazo,C,7,2013,1,1,1,1,0,1,3,17,-31.839764
2013-01-01,14,HOME CARE,0.0,0,Riobamba,Chimborazo,C,7,2013,1,1,1,1,0,1,3,18,-9.887726
2013-01-01,14,LADIESWEAR,0.0,0,Riobamba,Chimborazo,C,7,2013,1,1,1,1,0,1,3,19,-24.091917
2013-01-01,14,LAWN AND GARDEN,0.0,0,Riobamba,Chimborazo,C,7,2013,1,1,1,1,0,1,3,20,-24.091917
2013-01-01,14,LINGERIE,0.0,0,Riobamba,Chimborazo,C,7,2013,1,1,1,1,0,1,3,21,-24.091917
2013-01-01,14,"LIQUOR,WINE,BEER",0.0,0,Riobamba,Chimborazo,C,7,2013,1,1,1,1,0,1,3,22,0.0916875
2013-01-01,14,MAGAZINES,0.0,0,Riobamba,Chimborazo,C,7,2013,1,1,1,1,0,1,3,23,-19.624544
2013-01-01,14,MEATS,0.0,0,Riobamba,Chimborazo,C,7,2013,1,1,1,1,0,1,3,24,144.3954
2013-01-01,14,PERSONAL CARE,0.0,0,Riobamba,Chimborazo,C,7,2013,1,1,1,1,0,1,3,25,101.23036
2013-01-01,14,PET SUPPLIES,0.0,0,Riobamba,Chimborazo,C,7,2013,1,1,1,1,0,1,3,26,-52.47128
2013-01-01,14,PLAYERS AND ELECTRONICS,0.0,0,Riobamba,Chimborazo,C,7,2013,1,1,1,1,0,1,3,27,-52.47128
2013-01-01,14,POULTRY,0.0,0,Riobamba,Chimborazo,C,7,2013,1,1,1,1,0,1,3,28,43.68301
2013-01-01,14,PREPARED FOODS,0.0,0,Riobamba,Chimborazo,C,7,2013,1,1,1,1,0,1,3,29,-80.55221
2013-01-01,14,PRODUCE,0.0,0,Riobamba,Chimborazo,C,7,2013,1,1,1,1,0,1,3,30,-84.40503
2013-01-01,14,SCHOOL AND OFFICE SUPPLIES,0.0,0,Riobamba,Chimborazo,C,7,2013,1,1,1,1,0,1,3,31,-120.763275
2013-01-01,14,SEAFOOD,0.0,0,Riobamba,Chimborazo,C,7,2013,1,1,1,1,0,1,3,32,-119.59609
2013-01-01,15,AUTOMOTIVE,0.0,0,Ibarra,Imbabura,C,15,2013,1,1,1,1,0,1,3,0,-38.631596
2013-01-01,15,BABY CARE,0.0,0,Ibarra,Imbabura,C,15,2013,1,1,1,1,0,1,3,1,-40.44845
2013-01-01,15,BEAUTY,0.0,0,Ibarra,Imbabura,C,15,2013,1,1,1,1,0,1,3,2,-40.099632
2013-01-01,15,BEVERAGES,0.0,0,Ibarra,Imbabura,C,15,2013,1,1,1,1,0,1,3,3,733.7989
2013-01-01,15,BOOKS,0.0,0,Ibarra,Imbabura,C,15,2013,1,1,1,1,0,1,3,4,-104.539246
2013-01-01,15,BREAD/BAKERY,0.0,0,Ibarra,Imbabura,C,15,2013,1,1,1,1,0,1,3,5,159.12245
2013-01-01,15,CELEBRATION,0.0,0,Ibarra,Imbabura,C,15,2013,1,1,1,1,0,1,3,6,-108.57762
2013-01-01,15,CLEANING,0.0,0,Ibarra,Imbabura,C,15,2013,1,1,1,1,0,1,3,7,737.447
2013-01-01,15,DAIRY,0.0,0,Ibarra,Imbabura,C,15,2013,1,1,1,1,0,1,3,8,252.50172
2013-01-01,15,DELI,0.0,0,Ibarra,Imbabura,C,15,2013,1,1,1,1,0,1,3,9,60.437744
2013-01-01,15,EGGS,0.0,0,Ibarra,Imbabura,C,15,2013,1,1,1,1,0,1,3,10,9.988699
2013-01-01,15,FROZEN FOODS,0.0,0,Ibarra,Imbabura,C,15,2013,1,1,1,1,0,1,3,11,-3.8241043
2013-01-01,15,GROCERY I,0.0,0,Ibarra,Imbabura,C,15,2013,1,1,1,1,0,1,3,12,1556.7839
2013-01-01,15,GROCERY II,0.0,0,Ibarra,Imbabura,C,15,2013,1,1,1,1,0,1,3,13,-14.352776
2013-01-01,15,HARDWARE,0.0,0,Ibarra,Imbabura,C,15,2013,1,1,1,1,0,1,3,14,-17.500721
2013-01-01,15,HOME AND KITCHEN I,0.0,0,Ibarra,Imbabura,C,15,2013,1,1,1,1,0,1,3,15,-17.500721
2013-01-01,15,HOME AND KITCHEN II,0.0,0,Ibarra,Imbabura,C,15,2013,1,1,1,1,0,1,3,16,-17.500721
2013-01-01,15,HOME APPLIANCES,0.0,0,Ibarra,Imbabura,C,15,2013,1,1,1,1,0,1,3,17,-17.500721
2013-01-01,15,HOME CARE,0.0,0,Ibarra,Imbabura,C,15,2013,1,1,1,1,0,1,3,18,4.451306
2013-01-01,15,LADIESWEAR,0.0,0,Ibarra,Imbabura,C,15,2013,1,1,1,1,0,1,3,19,-9.752869
2013-01-01,15,LAWN AND GARDEN,0.0,0,Ibarra,Imbabura,C,15,2013,1,1,1,1,0,1,3,20,-9.752869
2013-01-01,15,LINGERIE,0.0,0,Ibarra,Imbabura,C,15,2013,1,1,1,1,0,1,3,21,-9.752869
2013-01-01,15,"LIQUOR,WINE,BEER",0.0,0,Ibarra,Imbabura,C,15,2013,1,1,1,1,0,1,3,22,14.430717
2013-01-01,15,MAGAZINES,0.0,0,Ibarra,Imbabura,C,15,2013,1,1,1,1,0,1,3,23,-5.285502
2013-01-01,15,MEATS,0.0,0,Ibarra,Imbabura,C,15,2013,1,1,1,1,0,1,3,24,114.56384
2013-01-01,15,PERSONAL CARE,0.0,0,Ibarra,Imbabura,C,15,2013,1,1,1,1,0,1,3,25,100.892
2013-01-01,15,PET SUPPLIES,0.0,0,Ibarra,Imbabura,C,15,2013,1,1,1,1,0,1,3,26,-47.02258
2013-01-01,15,PLAYERS AND ELECTRONICS,0.0,0,Ibarra,Imbabura,C,15,2013,1,1,1,1,0,1,3,27,-47.02258
2013-01-01,15,POULTRY,0.0,0,Ibarra,Imbabura,C,15,2013,1,1,1,1,0,1,3,28,49.13169
2013-01-01,15,PREPARED FOODS,0.0,0,Ibarra,Imbabura,C,15,2013,1,1,1,1,0,1,3,29,-74.843155
2013-01-01,15,PRODUCE,0.0,0,Ibarra,Imbabura,C,15,2013,1,1,1,1,0,1,3,30,-93.67189
2013-01-01,15,SCHOOL AND OFFICE SUPPLIES,0.0,0,Ibarra,Imbabura,C,15,2013,1,1,1,1,0,1,3,31,-89.316605
2013-01-01,15,SEAFOOD,0.0,0,Ibarra,Imbabura,C,15,2013,1,1,1,1,0,1,3,32,-88.14943
2013-01-01,16,AUTOMOTIVE,0.0,0,Santo Domingo,Santo Domingo de los Tsachilas,C,3,2013,1,1,1,1,0,1,3,0,-52.24732
2013-01-01,16,BABY CARE,0.0,0,Santo Domingo,Santo Domingo de los Tsachilas,C,3,2013,1,1,1,1,0,1,3,1,-54.064175
2013-01-01,16,BEAUTY,0.0,0,Santo Domingo,Santo Domingo de los Tsachilas,C,3,2013,1,1,1,1,0,1,3,2,-53.71535
2013-01-01,16,BEVERAGES,0.0,0,Santo Domingo,Santo Domingo de los Tsachilas,C,3,2013,1,1,1,1,0,1,3,3,623.3954
2013-01-01,16,BOOKS,0.0,0,Santo Domingo,Santo Domingo de los Tsachilas,C,3,2013,1,1,1,1,0,1,3,4,-118.15495
2013-01-01,16,BREAD/BAKERY,0.0,0,Santo Domingo,Santo Domingo de los Tsachilas,C,3,2013,1,1,1,1,0,1,3,5,145.50676
2013-01-01,16,CELEBRATION,0.0,0,Santo Domingo,Santo Domingo de los Tsachilas,C,3,2013,1,1,1,1,0,1,3,6,-122.19333
2013-01-01,16,CLEANING,0.0,0,Santo Domingo,Santo Domingo de los Tsachilas,C,3,2013,1,1,1,1,0,1,3,7,766.67914
2013-01-01,16,DAIRY,0.0,0,Santo Domingo,Santo Domingo de los Tsachilas,C,3,2013,1,1,1,1,0,1,3,8,254.54225
2013-01-01,16,DELI,0.0,0,Santo Domingo,Santo Domingo de los Tsachilas,C,3,2013,1,1,1,1,0,1,3,9,31.984468
2013-01-01,16,EGGS,0.0,0,Santo Domingo,Santo Domingo de los Tsachilas,C,3,2013,1,1,1,1,0,1,3,10,-3.4026928
2013-01-01,16,FROZEN FOODS,0.0,0,Santo Domingo,Santo Domingo de los Tsachilas,C,3,2013,1,1,1,1,0,1,3,11,-17.215483
2013-01-01,16,GROCERY I,0.0,0,Santo Domingo,Santo Domingo de los Tsachilas,C,3,2013,1,1,1,1,0,1,3,12,1494.053
2013-01-01,16,GROCERY II,0.0,0,Santo Domingo,Santo Domingo de los Tsachilas,C,3,2013,1,1,1,1,0,1,3,13,-21.991768
2013-01-01,16,HARDWARE,0.0,0,Santo Domingo,Santo Domingo de los Tsachilas,C,3,2013,1,1,1,1,0,1,3,14,-25.139711
2013-01-01,16,HOME AND KITCHEN I,0.0,0,Santo Domingo,Santo Domingo de los Tsachilas,C,3,2013,1,1,1,1,0,1,3,15,-25.139711
2013-01-01,16,HOME AND KITCHEN II,0.0,0,Santo Domingo,Santo Domingo de los Tsachilas,C,3,2013,1,1,1,1,0,1,3,16,-25.139711
2013-01-01,16,HOME APPLIANCES,0.0,0,Santo Domingo,Santo Domingo de los Tsachilas,C,3,2013,1,1,1,1,0,1,3,17,-25.139711
2013-01-01,16,HOME CARE,0.0,0,Santo Domingo,Santo Domingo de los Tsachilas,C,3,2013,1,1,1,1,0,1,3,18,-3.1876755
2013-01-01,16,LADIESWEAR,0.0,0,Santo Domingo,Santo Domingo de los Tsachilas,C,3,2013,1,1,1,1,0,1,3,19,-17.391863
2013-01-01,16,LAWN AND GARDEN,0.0,0,Santo Domingo,Santo Domingo de los Tsachilas,C,3,2013,1,1,1,1,0,1,3,20,-17.391863
2013-01-01,16,LINGERIE,0.0,0,Santo Domingo,Santo Domingo de los Tsachilas,C,3,2013,1,1,1,1,0,1,3,21,-17.391863
2013-01-01,16,"LIQUOR,WINE,BEER",0.0,0,Santo Domingo,Santo Domingo de los Tsachilas,C,3,2013,1,1,1,1,0,1,3,22,6.791737
2013-01-01,16,MAGAZINES,0.0,0,Santo Domingo,Santo Domingo de los Tsachilas,C,3,2013,1,1,1,1,0,1,3,23,-12.924494
2013-01-01,16,MEATS,0.0,0,Santo Domingo,Santo Domingo de los Tsachilas,C,3,2013,1,1,1,1,0,1,3,24,136.17427
2013-01-01,16,PERSONAL CARE,0.0,0,Santo Domingo,Santo Domingo de los Tsachilas,C,3,2013,1,1,1,1,0,1,3,25,93.00923
2013-01-01,16,PET SUPPLIES,0.0,0,Santo Domingo,Santo Domingo de los Tsachilas,C,3,2013,1,1,1,1,0,1,3,26,-52.47128
2013-01-01,16,PLAYERS AND ELECTRONICS,0.0,0,Santo Domingo,Santo Domingo de los Tsachilas,C,3,2013,1,1,1,1,0,1,3,27,-52.47128
2013-01-01,16,POULTRY,0.0,0,Santo Domingo,Santo Domingo de los Tsachilas,C,3,2013,1,1,1,1,0,1,3,28,43.68301
2013-01-01,16,PREPARED FOODS,0.0,0,Santo Domingo,Santo Domingo de los Tsachilas,C,3,2013,1,1,1,1,0,1,3,29,-80.55221
2013-01-01,16,PRODUCE,0.0,0,Santo Domingo,Santo Domingo de los Tsachilas,C,3,2013,1,1,1,1,0,1,3,30,-84.40503
2013-01-01,16,SCHOOL AND OFFICE SUPPLIES,0.0,0,Santo Domingo,Santo Domingo de los Tsachilas,C,3,2013,1,1,1,1,0,1,3,31,-120.763275
2013-01-01,16,SEAFOOD,0.0,0,Santo Domingo,Santo Domingo de los Tsachilas,C,3,2013,1,1,1,1,0,1,3,32,-119.59609
2013-01-01,17,AUTOMOTIVE,0.0,0,Quito,Pichincha,C,12,2013,1,1,1,1,0,1,3,0,-20.558054
2013-01-01,17,BABY CARE,0.0,0,Quito,Pichincha,C,12,2013,1,1,1,1,0,1,3,1,-22.374907
2013-01-01,17,BEAUTY,0.0,0,Quito,Pichincha,C,12,2013,1,1,1,1,0,1,3,2,-22.02609
2013-01-01,17,BEVERAGES,0.0,0,Quito,Pichincha,C,12,2013,1,1,1,1,0,1,3,3,751.8724
2013-01-01,17,BOOKS,0.0,0,Quito,Pichincha,C,12,2013,1,1,1,1,0,1,3,4,-81.70325
2013-01-01,17,BREAD/BAKERY,0.0,0,Quito,Pichincha,C,12,2013,1,1,1,1,0,1,3,5,181.95847
2013-01-01,17,CELEBRATION,0.0,0,Quito,Pichincha,C,12,2013,1,1,1,1,0,1,3,6,-85.74164
2013-01-01,17,CLEANING,0.0,0,Quito,Pichincha,C,12,2013,1,1,1,1,0,1,3,7,760.3426
2013-01-01,17,DAIRY,0.0,0,Quito,Pichincha,C,12,2013,1,1,1,1,0,1,3,8,275.39734
2013-01-01,17,DELI,0.0,0,Quito,Pichincha,C,12,2013,1,1,1,1,0,1,3,9,63.471863
2013-01-01,17,EGGS,0.0,0,Quito,Pichincha,C,12,2013,1,1,1,1,0,1,3,10,28.084658
2013-01-01,17,FROZEN FOODS,0.0,0,Quito,Pichincha,C,12,2013,1,1,1,1,0,1,3,11,14.2718525
2013-01-01,17,GROCERY I,0.0,0,Quito,Pichincha,C,12,2013,1,1,1,1,0,1,3,12,1869.2651
2013-01-01,17,GROCERY II,0.0,0,Quito,Pichincha,C,12,2013,1,1,1,1,0,1,3,13,-3.9460576
2013-01-01,17,HARDWARE,0.0,0,Quito,Pichincha,C,12,2013,1,1,1,1,0,1,3,14,-7.0940022
2013-01-01,17,HOME AND KITCHEN I,0.0,0,Quito,Pichincha,C,12,2013,1,1,1,1,0,1,3,15,-7.0940022
2013-01-01,17,HOME AND KITCHEN II,0.0,0,Quito,Pichincha,C,12,2013,1,1,1,1,0,1,3,16,-7.0940022
2013-01-01,17,HOME APPLIANCES,0.0,0,Quito,Pichincha,C,12,2013,1,1,1,1,0,1,3,17,-7.0940022
2013-01-01,17,HOME CARE,0.0,0,Quito,Pichincha,C,12,2013,1,1,1,1,0,1,3,18,14.858023
2013-01-01,17,LADIESWEAR,0.0,0,Quito,Pichincha,C,12,2013,1,1,1,1,0,1,3,19,0.6538516
2013-01-01,17,LAWN AND GARDEN,0.0,0,Quito,Pichincha,C,12,2013,1,1,1,1,0,1,3,20,0.6538516
2013-01-01,17,LINGERIE,0.0,0,Quito,Pichincha,C,12,2013,1,1,1,1,0,1,3,21,0.6538516
2013-01-01,17,"LIQUOR,WINE,BEER",0.0,0,Quito,Pichincha,C,12,2013,1,1,1,1,0,1,3,22,24.837433
2013-01-01,17,MAGAZINES,0.0,0,Quito,Pichincha,C,12,2013,1,1,1,1,0,1,3,23,5.121218
2013-01-01,17,MEATS,0.0,0,Quito,Pichincha,C,12,2013,1,1,1,1,0,1,3,24,160.92
2013-01-01,17,PERSONAL CARE,0.0,0,Quito,Pichincha,C,12,2013,1,1,1,1,0,1,3,25,117.75498
2013-01-01,17,PET SUPPLIES,0.0,0,Quito,Pichincha,C,12,2013,1,1,1,1,0,1,3,26,-27.725517
2013-01-01,17,PLAYERS AND ELECTRONICS,0.0,0,Quito,Pichincha,C,12,2013,1,1,1,1,0,1,3,27,-27.725517
2013-01-01,17,POULTRY,0.0,0,Quito,Pichincha,C,12,2013,1,1,1,1,0,1,3,28,68.42875
2013-01-01,17,PREPARED FOODS,0.0,0,Quito,Pichincha,C,12,2013,1,1,1,1,0,1,3,29,-55.546104
2013-01-01,17,PRODUCE,0.0,0,Quito,Pichincha,C,12,2013,1,1,1,1,0,1,3,30,-52.256676
2013-01-01,17,SCHOOL AND OFFICE SUPPLIES,0.0,0,Quito,Pichincha,C,12,2013,1,1,1,1,0,1,3,31,-81.22771
2013-01-01,17,SEAFOOD,0.0,0,Quito,Pichincha,C,12,2013,1,1,1,1,0,1,3,32,-80.06053
2013-01-01,18,AUTOMOTIVE,0.0,0,Quito,Pichincha,B,16,2013,1,1,1,1,0,1,2,0,-24.741314
2013-01-01,18,BABY CARE,0.0,0,Quito,Pichincha,B,16,2013,1,1,1,1,0,1,2,1,-26.558167
2013-01-01,18,BEAUTY,0.0,0,Quito,Pichincha,B,16,2013,1,1,1,1,0,1,2,2,-26.20935
2013-01-01,18,BEVERAGES,0.0,0,Quito,Pichincha,B,16,2013,1,1,1,1,0,1,2,3,838.96625
2013-01-01,18,BOOKS,0.0,0,Quito,Pichincha,B,16,2013,1,1,1,1,0,1,2,4,-77.697266
2013-01-01,18,BREAD/BAKERY,0.0,0,Quito,Pichincha,B,16,2013,1,1,1,1,0,1,2,5,241.09093
2013-01-01,18,CELEBRATION,0.0,0,Quito,Pichincha,B,16,2013,1,1,1,1,0,1,2,6,-60.51642
2013-01-01,18,CLEANING,0.0,0,Quito,Pichincha,B,16,2013,1,1,1,1,0,1,2,7,700.716
2013-01-01,18,DAIRY,0.0,0,Quito,Pichincha,B,16,2013,1,1,1,1,0,1,2,8,369.64938
2013-01-01,18,DELI,0.0,0,Quito,Pichincha,B,16,2013,1,1,1,1,0,1,2,9,160.26996
2013-01-01,18,EGGS,0.0,0,Quito,Pichincha,B,16,2013,1,1,1,1,0,1,2,10,7.251898
2013-01-01,18,FROZEN FOODS,0.0,0,Quito,Pichincha,B,16,2013,1,1,1,1,0,1,2,11,-6.5609207
2013-01-01,18,GROCERY I,0.0,0,Quito,Pichincha,B,16,2013,1,1,1,1,0,1,2,12,1017.4585
2013-01-01,18,GROCERY II,0.0,0,Quito,Pichincha,B,16,2013,1,1,1,1,0,1,2,13,-5.040767
2013-01-01,18,HARDWARE,0.0,0,Quito,Pichincha,B,16,2013,1,1,1,1,0,1,2,14,-8.188713
2013-01-01,18,HOME AND KITCHEN I,0.0,0,Quito,Pichincha,B,16,2013,1,1,1,1,0,1,2,15,-8.188713
2013-01-01,18,HOME AND KITCHEN II,0.0,0,Quito,Pichincha,B,16,2013,1,1,1,1,0,1,2,16,-8.188713
2013-01-01,18,HOME APPLIANCES,0.0,0,Quito,Pichincha,B,16,2013,1,1,1,1,0,1,2,17,-8.188713
2013-01-01,18,HOME CARE,0.0,0,Quito,Pichincha,B,16,2013,1,1,1,1,0,1,2,18,29.81761
2013-01-01,18,LADIESWEAR,0.0,0,Quito,Pichincha,B,16,2013,1,1,1,1,0,1,2,19,-2.5732217
2013-01-01,18,LAWN AND GARDEN,0.0,0,Quito,Pichincha,B,16,2013,1,1,1,1,0,1,2,20,-2.5732217
2013-01-01,18,LINGERIE,0.0,0,Quito,Pichincha,B,16,2013,1,1,1,1,0,1,2,21,-2.5732217
2013-01-01,18,"LIQUOR,WINE,BEER",0.0,0,Quito,Pichincha,B,16,2013,1,1,1,1,0,1,2,22,21.610378
2013-01-01,18,MAGAZINES,0.0,0,Quito,Pichincha,B,16,2013,1,1,1,1,0,1,2,23,1.8941455
2013-01-01,18,MEATS,0.0,0,Quito,Pichincha,B,16,2013,1,1,1,1,0,1,2,24,237.42131
2013-01-01,18,PERSONAL CARE,0.0,0,Quito,Pichincha,B,16,2013,1,1,1,1,0,1,2,25,176.6507
2013-01-01,18,PET SUPPLIES,0.0,0,Quito,Pichincha,B,16,2013,1,1,1,1,0,1,2,26,-54.473824
2013-01-01,18,PLAYERS AND ELECTRONICS,0.0,0,Quito,Pichincha,B,16,2013,1,1,1,1,0,1,2,27,-54.473824
2013-01-01,18,POULTRY,0.0,0,Quito,Pichincha,B,16,2013,1,1,1,1,0,1,2,28,99.97122
2013-01-01,18,PREPARED FOODS,0.0,0,Quito,Pichincha,B,16,2013,1,1,1,1,0,1,2,29,-67.78311
2013-01-01,18,PRODUCE,0.0,0,Quito,Pichincha,B,16,2013,1,1,1,1,0,1,2,30,-86.49394
2013-01-01,18,SCHOOL AND OFFICE SUPPLIES,0.0,0,Quito,Pichincha,B,16,2013,1,1,1,1,0,1,2,31,-94.75518
2013-01-01,18,SEAFOOD,0.0,0,Quito,Pichincha,B,16,2013,1,1,1,1,0,1,2,32,-93.588
2013-01-01,19,AUTOMOTIVE,0.0,0,Guaranda,Bolivar,C,15,2013,1,1,1,1,0,1,3,0,-29.618462
2013-01-01,19,BABY CARE,0.0,0,Guaranda,Bolivar,C,15,2013,1,1,1,1,0,1,3,1,-31.435318
2013-01-01,19,BEAUTY,0.0,0,Guaranda,Bolivar,C,15,2013,1,1,1,1,0,1,3,2,-31.086502
2013-01-01,19,BEVERAGES,0.0,0,Guaranda,Bolivar,C,15,2013,1,1,1,1,0,1,3,3,742.812
2013-01-01,19,BOOKS,0.0,0,Guaranda,Bolivar,C,15,2013,1,1,1,1,0,1,3,4,-90.763664
2013-01-01,19,BREAD/BAKERY,0.0,0,Guaranda,Bolivar,C,15,2013,1,1,1,1,0,1,3,5,172.89806
2013-01-01,19,CELEBRATION,0.0,0,Guaranda,Bolivar,C,15,2013,1,1,1,1,0,1,3,6,-94.80205
2013-01-01,19,CLEANING,0.0,0,Guaranda,Bolivar,C,15,2013,1,1,1,1,0,1,3,7,603.82806
2013-01-01,19,DAIRY,0.0,0,Guaranda,Bolivar,C,15,2013,1,1,1,1,0,1,3,8,250.68065
2013-01-01,19,DELI,0.0,0,Guaranda,Bolivar,C,15,2013,1,1,1,1,0,1,3,9,69.24899
2013-01-01,19,EGGS,0.0,0,Guaranda,Bolivar,C,15,2013,1,1,1,1,0,1,3,10,18.799955
2013-01-01,19,FROZEN FOODS,0.0,0,Guaranda,Bolivar,C,15,2013,1,1,1,1,0,1,3,11,4.9871426
2013-01-01,19,GROCERY I,0.0,0,Guaranda,Bolivar,C,15,2013,1,1,1,1,0,1,3,12,1357.8699
2013-01-01,19,GROCERY II,0.0,0,Guaranda,Bolivar,C,15,2013,1,1,1,1,0,1,3,13,-12.283146
2013-01-01,19,HARDWARE,0.0,0,Guaranda,Bolivar,C,15,2013,1,1,1,1,0,1,3,14,-15.431089
2013-01-01,19,HOME AND KITCHEN I,0.0,0,Guaranda,Bolivar,C,15,2013,1,1,1,1,0,1,3,15,-15.431089
2013-01-01,19,HOME AND KITCHEN II,0.0,0,Guaranda,Bolivar,C,15,2013,1,1,1,1,0,1,3,16,-15.431089
2013-01-01,19,HOME APPLIANCES,0.0,0,Guaranda,Bolivar,C,15,2013,1,1,1,1,0,1,3,17,-15.431089
2013-01-01,19,HOME CARE,0.0,0,Guaranda,Bolivar,C,15,2013,1,1,1,1,0,1,3,18,6.5209355
2013-01-01,19,LADIESWEAR,0.0,0,Guaranda,Bolivar,C,15,2013,1,1,1,1,0,1,3,19,-7.683239
2013-01-01,19,LAWN AND GARDEN,0.0,0,Guaranda,Bolivar,C,15,2013,1,1,1,1,0,1,3,20,-7.683239
2013-01-01,19,LINGERIE,0.0,0,Guaranda,Bolivar,C,15,2013,1,1,1,1,0,1,3,21,-7.683239
2013-01-01,19,"LIQUOR,WINE,BEER",0.0,0,Guaranda,Bolivar,C,15,2013,1,1,1,1,0,1,3,22,16.500345
2013-01-01,19,MAGAZINES,0.0,0,Guaranda,Bolivar,C,15,2013,1,1,1,1,0,1,3,23,-3.2158723
2013-01-01,19,MEATS,0.0,0,Guaranda,Bolivar,C,15,2013,1,1,1,1,0,1,3,24,116.633484
2013-01-01,19,PERSONAL CARE,0.0,0,Guaranda,Bolivar,C,15,2013,1,1,1,1,0,1,3,25,102.96164
2013-01-01,19,PET SUPPLIES,0.0,0,Guaranda,Bolivar,C,15,2013,1,1,1,1,0,1,3,26,-44.95295
2013-01-01,19,PLAYERS AND ELECTRONICS,0.0,0,Guaranda,Bolivar,C,15,2013,1,1,1,1,0,1,3,27,-44.95295
2013-01-01,19,POULTRY,0.0,0,Guaranda,Bolivar,C,15,2013,1,1,1,1,0,1,3,28,51.201317
2013-01-01,19,PREPARED FOODS,0.0,0,Guaranda,Bolivar,C,15,2013,1,1,1,1,0,1,3,29,-72.77353
2013-01-01,19,PRODUCE,0.0,0,Guaranda,Bolivar,C,15,2013,1,1,1,1,0,1,3,30,-91.602264
2013-01-01,19,SCHOOL AND OFFICE SUPPLIES,0.0,0,Guaranda,Bolivar,C,15,2013,1,1,1,1,0,1,3,31,-87.24698
2013-01-01,19,SEAFOOD,0.0,0,Guaranda,Bolivar,C,15,2013,1,1,1,1,0,1,3,32,-86.079796
2013-01-01,2,AUTOMOTIVE,0.0,0,Quito,Pichincha,D,13,2013,1,1,1,1,0,1,4,0,-33.798264
2013-01-01,2,BABY CARE,0.0,0,Quito,Pichincha,D,13,2013,1,1,1,1,0,1,4,1,-35.61512
2013-01-01,2,BEAUTY,0.0,0,Quito,Pichincha,D,13,2013,1,1,1,1,0,1,4,2,-35.266296
2013-01-01,2,BEVERAGES,0.0,0,Quito,Pichincha,D,13,2013,1,1,1,1,0,1,4,3,1197.8127
2013-01-01,2,BOOKS,0.0,0,Quito,Pichincha,D,13,2013,1,1,1,1,0,1,4,4,-79.32964
2013-01-01,2,BREAD/BAKERY,0.0,0,Quito,Pichincha,D,13,2013,1,1,1,1,0,1,4,5,225.40025
2013-01-01,2,CELEBRATION,0.0,0,Quito,Pichincha,D,13,2013,1,1,1,1,0,1,4,6,-91.29804
2013-01-01,2,CLEANING,0.0,0,Quito,Pichincha,D,13,2013,1,1,1,1,0,1,4,7,831.6407
2013-01-01,2,DAIRY,0.0,0,Quito,Pichincha,D,13,2013,1,1,1,1,0,1,4,8,379.06708
2013-01-01,2,DELI,0.0,0,Quito,Pichincha,D,13,2013,1,1,1,1,0,1,4,9,109.178764
2013-01-01,2,EGGS,0.0,0,Quito,Pichincha,D,13,2013,1,1,1,1,0,1,4,10,73.79162
2013-01-01,2,FROZEN FOODS,0.0,0,Quito,Pichincha,D,13,2013,1,1,1,1,0,1,4,11,59.978844
2013-01-01,2,GROCERY I,0.0,0,Quito,Pichincha,D,13,2013,1,1,1,1,0,1,4,12,2464.6716
2013-01-01,2,GROCERY II,0.0,0,Quito,Pichincha,D,13,2013,1,1,1,1,0,1,4,13,-1.6413338
2013-01-01,2,HARDWARE,0.0,0,Quito,Pichincha,D,13,2013,1,1,1,1,0,1,4,14,-4.789281
2013-01-01,2,HOME AND KITCHEN I,0.0,0,Quito,Pichincha,D,13,2013,1,1,1,1,0,1,4,15,-4.789281
2013-01-01,2,HOME AND KITCHEN II,0.0,0,Quito,Pichincha,D,13,2013,1,1,1,1,0,1,4,16,-4.789281
2013-01-01,2,HOME APPLIANCES,0.0,0,Quito,Pichincha,D,13,2013,1,1,1,1,0,1,4,17,-4.789281
2013-01-01,2,HOME CARE,0.0,0,Quito,Pichincha,D,13,2013,1,1,1,1,0,1,4,18,17.843134
2013-01-01,2,LADIESWEAR,0.0,0,Quito,Pichincha,D,13,2013,1,1,1,1,0,1,4,19,3.6389766
2013-01-01,2,LAWN AND GARDEN,0.0,0,Quito,Pichincha,D,13,2013,1,1,1,1,0,1,4,20,3.6389766
2013-01-01,2,LINGERIE,0.0,0,Quito,Pichincha,D,13,2013,1,1,1,1,0,1,4,21,3.6389766
2013-01-01,2,"LIQUOR,WINE,BEER",0.0,0,Quito,Pichincha,D,13,2013,1,1,1,1,0,1,4,22,27.822542
2013-01-01,2,MAGAZINES,0.0,0,Quito,Pichincha,D,13,2013,1,1,1,1,0,1,4,23,8.106367
2013-01-01,2,MEATS,0.0,0,Quito,Pichincha,D,13,2013,1,1,1,1,0,1,4,24,221.37563
2013-01-01,2,PERSONAL CARE,0.0,0,Quito,Pichincha,D,13,2013,1,1,1,1,0,1,4,25,162.40044
2013-01-01,2,PET SUPPLIES,0.0,0,Quito,Pichincha,D,13,2013,1,1,1,1,0,1,4,26,-0.96080494
2013-01-01,2,PLAYERS AND ELECTRONICS,0.0,0,Quito,Pichincha,D,13,2013,1,1,1,1,0,1,4,27,-0.96080494
2013-01-01,2,POULTRY,0.0,0,Quito,Pichincha,D,13,2013,1,1,1,1,0,1,4,28,228.58682
2013-01-01,2,PREPARED FOODS,0.0,0,Quito,Pichincha,D,13,2013,1,1,1,1,0,1,4,29,70.658516
2013-01-01,2,PRODUCE,0.0,0,Quito,Pichincha,D,13,2013,1,1,1,1,0,1,4,30,61.494225
2013-01-01,2,SCHOOL AND OFFICE SUPPLIES,0.0,0,Quito,Pichincha,D,13,2013,1,1,1,1,0,1,4,31,-57.876045
2013-01-01,2,SEAFOOD,0.0,0,Quito,Pichincha,D,13,2013,1,1,1,1,0,1,4,32,-50.768265
2013-01-01,20,AUTOMOTIVE,0.0,0,Quito,Pichincha,B,6,2013,1,1,1,1,0,1,2,0,-115.0564
2013-01-01,20,BABY CARE,0.0,0,Quito,Pichincha,B,6,2013,1,1,1,1,0,1,2,1,-116.87326
2013-01-01,20,BEAUTY,0.0,0,Quito,Pichincha,B,6,2013,1,1,1,1,0,1,2,2,-116.524445
2013-01-01,20,BEVERAGES,0.0,0,Quito,Pichincha,B,6,2013,1,1,1,1,0,1,2,3,707.11536
2013-01-01,20,BOOKS,0.0,0,Quito,Pichincha,B,6,2013,1,1,1,1,0,1,2,4,-168.01236
2013-01-01,20,BREAD/BAKERY,0.0,0,Quito,Pichincha,B,6,2013,1,1,1,1,0,1,2,5,150.77583
2013-01-01,20,CELEBRATION,0.0,0,Quito,Pichincha,B,6,2013,1,1,1,1,0,1,2,6,-150.8315
2013-01-01,20,CLEANING,0.0,0,Quito,Pichincha,B,6,2013,1,1,1,1,0,1,2,7,600.3396
2013-01-01,20,DAIRY,0.0,0,Quito,Pichincha,B,6,2013,1,1,1,1,0,1,2,8,269.27286
2013-01-01,20,DELI,0.0,0,Quito,Pichincha,B,6,2013,1,1,1,1,0,1,2,9,59.893448
2013-01-01,20,EGGS,0.0,0,Quito,Pichincha,B,6,2013,1,1,1,1,0,1,2,10,-78.062706
2013-01-01,20,FROZEN FOODS,0.0,0,Quito,Pichincha,B,6,2013,1,1,1,1,0,1,2,11,-91.87549
2013-01-01,20,GROCERY I,0.0,0,Quito,Pichincha,B,6,2013,1,1,1,1,0,1,2,12,336.2962
2013-01-01,20,GROCERY II,0.0,0,Quito,Pichincha,B,6,2013,1,1,1,1,0,1,2,13,-27.266125
2013-01-01,20,HARDWARE,0.0,0,Quito,Pichincha,B,6,2013,1,1,1,1,0,1,2,14,-30.41407
2013-01-01,20,HOME AND KITCHEN I,0.0,0,Quito,Pichincha,B,6,2013,1,1,1,1,0,1,2,15,-30.41407
2013-01-01,20,HOME AND KITCHEN II,0.0,0,Quito,Pichincha,B,6,2013,1,1,1,1,0,1,2,16,-30.41407
2013-01-01,20,HOME APPLIANCES,0.0,0,Quito,Pichincha,B,6,2013,1,1,1,1,0,1,2,17,-30.41407
2013-01-01,20,HOME CARE,0.0,0,Quito,Pichincha,B,6,2013,1,1,1,1,0,1,2,18,7.5922637
2013-01-01,20,LADIESWEAR,0.0,0,Quito,Pichincha,B,6,2013,1,1,1,1,0,1,2,19,-24.798584
2013-01-01,20,LAWN AND GARDEN,0.0,0,Quito,Pichincha,B,6,2013,1,1,1,1,0,1,2,20,-24.798584
2013-01-01,20,LINGERIE,0.0,0,Quito,Pichincha,B,6,2013,1,1,1,1,0,1,2,21,-24.798584
2013-01-01,20,"LIQUOR,WINE,BEER",0.0,0,Quito,Pichincha,B,6,2013,1,1,1,1,0,1,2,22,-0.61497754
2013-01-01,20,MAGAZINES,0.0,0,Quito,Pichincha,B,6,2013,1,1,1,1,0,1,2,23,-20.331215
2013-01-01,20,MEATS,0.0,0,Quito,Pichincha,B,6,2013,1,1,1,1,0,1,2,24,204.71136
2013-01-01,20,PERSONAL CARE,0.0,0,Quito,Pichincha,B,6,2013,1,1,1,1,0,1,2,25,143.94072
2013-01-01,20,PET SUPPLIES,0.0,0,Quito,Pichincha,B,6,2013,1,1,1,1,0,1,2,26,-89.80522
2013-01-01,20,PLAYERS AND ELECTRONICS,0.0,0,Quito,Pichincha,B,6,2013,1,1,1,1,0,1,2,27,-89.80522
2013-01-01,20,POULTRY,0.0,0,Quito,Pichincha,B,6,2013,1,1,1,1,0,1,2,28,33.897564
2013-01-01,20,PREPARED FOODS,0.0,0,Quito,Pichincha,B,6,2013,1,1,1,1,0,1,2,29,-110.297516
2013-01-01,20,PRODUCE,0.0,0,Quito,Pichincha,B,6,2013,1,1,1,1,0,1,2,30,-136.1506
2013-01-01,20,SCHOOL AND OFFICE SUPPLIES,0.0,0,Quito,Pichincha,B,6,2013,1,1,1,1,0,1,2,31,-124.397255
2013-01-01,20,SEAFOOD,0.0,0,Quito,Pichincha,B,6,2013,1,1,1,1,0,1,2,32,-123.23009
2013-01-01,21,AUTOMOTIVE,0.0,0,Santo Domingo,Santo Domingo de los Tsachilas,B,6,2013,1,1,1,1,0,1,2,0,-118.350876
2013-01-01,21,BABY CARE,0.0,0,Santo Domingo,Santo Domingo de los Tsachilas,B,6,2013,1,1,1,1,0,1,2,1,-120.16774
2013-01-01,21,BEAUTY,0.0,0,Santo Domingo,Santo Domingo de los Tsachilas,B,6,2013,1,1,1,1,0,1,2,2,-119.818924
2013-01-01,21,BEVERAGES,0.0,0,Santo Domingo,Santo Domingo de los Tsachilas,B,6,2013,1,1,1,1,0,1,2,3,703.8209
2013-01-01,21,BOOKS,0.0,0,Santo Domingo,Santo Domingo de los Tsachilas,B,6,2013,1,1,1,1,0,1,2,4,-171.30681
2013-01-01,21,BREAD/BAKERY,0.0,0,Santo Domingo,Santo Domingo de los Tsachilas,B,6,2013,1,1,1,1,0,1,2,5,147.48137
2013-01-01,21,CELEBRATION,0.0,0,Santo Domingo,Santo Domingo de los Tsachilas,B,6,2013,1,1,1,1,0,1,2,6,-154.12598
2013-01-01,21,CLEANING,0.0,0,Santo Domingo,Santo Domingo de los Tsachilas,B,6,2013,1,1,1,1,0,1,2,7,597.04517
2013-01-01,21,DAIRY,0.0,0,Santo Domingo,Santo Domingo de los Tsachilas,B,6,2013,1,1,1,1,0,1,2,8,265.9784
2013-01-01,21,DELI,0.0,0,Santo Domingo,Santo Domingo de los Tsachilas,B,6,2013,1,1,1,1,0,1,2,9,56.599014
2013-01-01,21,EGGS,0.0,0,Santo Domingo,Santo Domingo de los Tsachilas,B,6,2013,1,1,1,1,0,1,2,10,-81.35717
2013-01-01,21,FROZEN FOODS,0.0,0,Santo Domingo,Santo Domingo de los Tsachilas,B,6,2013,1,1,1,1,0,1,2,11,-95.16995
2013-01-01,21,GROCERY I,0.0,0,Santo Domingo,Santo Domingo de los Tsachilas,B,6,2013,1,1,1,1,0,1,2,12,290.4826
2013-01-01,21,GROCERY II,0.0,0,Santo Domingo,Santo Domingo de los Tsachilas,B,6,2013,1,1,1,1,0,1,2,13,-27.258408
2013-01-01,21,HARDWARE,0.0,0,Santo Domingo,Santo Domingo de los Tsachilas,B,6,2013,1,1,1,1,0,1,2,14,-30.406353
2013-01-01,21,HOME AND KITCHEN I,0.0,0,Santo Domingo,Santo Domingo de los Tsachilas,B,6,2013,1,1,1,1,0,1,2,15,-30.406353
2013-01-01,21,HOME AND KITCHEN II,0.0,0,Santo Domingo,Santo Domingo de los Tsachilas,B,6,2013,1,1,1,1,0,1,2,16,-30.406353
2013-01-01,21,HOME APPLIANCES,0.0,0,Santo Domingo,Santo Domingo de los Tsachilas,B,6,2013,1,1,1,1,0,1,2,17,-30.406353
2013-01-01,21,HOME CARE,0.0,0,Santo Domingo,Santo Domingo de los Tsachilas,B,6,2013,1,1,1,1,0,1,2,18,7.5999827
2013-01-01,21,LADIESWEAR,0.0,0,Santo Domingo,Santo Domingo de los Tsachilas,B,6,2013,1,1,1,1,0,1,2,19,-24.790867
2013-01-01,21,LAWN AND GARDEN,0.0,0,Santo Domingo,Santo Domingo de los Tsachilas,B,6,2013,1,1,1,1,0,1,2,20,-24.790867
2013-01-01,21,LINGERIE,0.0,0,Santo Domingo,Santo Domingo de los Tsachilas,B,6,2013,1,1,1,1,0,1,2,21,-24.790867
2013-01-01,21,"LIQUOR,WINE,BEER",0.0,0,Santo Domingo,Santo Domingo de los Tsachilas,B,6,2013,1,1,1,1,0,1,2,22,-0.6072585
2013-01-01,21,MAGAZINES,0.0,0,Santo Domingo,Santo Domingo de los Tsachilas,B,6,2013,1,1,1,1,0,1,2,23,-20.323494
2013-01-01,21,MEATS,0.0,0,Santo Domingo,Santo Domingo de los Tsachilas,B,6,2013,1,1,1,1,0,1,2,24,204.71909
2013-01-01,21,PERSONAL CARE,0.0,0,Santo Domingo,Santo Domingo de los Tsachilas,B,6,2013,1,1,1,1,0,1,2,25,143.94844
2013-01-01,21,PET SUPPLIES,0.0,0,Santo Domingo,Santo Domingo de los Tsachilas,B,6,2013,1,1,1,1,0,1,2,26,-89.7975
2013-01-01,21,PLAYERS AND ELECTRONICS,0.0,0,Santo Domingo,Santo Domingo de los Tsachilas,B,6,2013,1,1,1,1,0,1,2,27,-89.7975
2013-01-01,21,POULTRY,0.0,0,Santo Domingo,Santo Domingo de los Tsachilas,B,6,2013,1,1,1,1,0,1,2,28,33.905285
2013-01-01,21,PREPARED FOODS,0.0,0,Santo Domingo,Santo Domingo de los Tsachilas,B,6,2013,1,1,1,1,0,1,2,29,-110.289795
2013-01-01,21,PRODUCE,0.0,0,Santo Domingo,Santo Domingo de los Tsachilas,B,6,2013,1,1,1,1,0,1,2,30,-136.14288
2013-01-01,21,SCHOOL AND OFFICE SUPPLIES,0.0,0,Santo Domingo,Santo Domingo de los Tsachilas,B,6,2013,1,1,1,1,0,1,2,31,-124.389534
2013-01-01,21,SEAFOOD,0.0,0,Santo Domingo,Santo Domingo de los Tsachilas,B,6,2013,1,1,1,1,0,1,2,32,-123.22237
2013-01-01,22,AUTOMOTIVE,0.0,0,Puyo,Pastaza,C,7,2013,1,1,1,1,0,1,3,0,-139.28334
2013-01-01,22,BABY CARE,0.0,0,Puyo,Pastaza,C,7,2013,1,1,1,1,0,1,3,1,-141.10019
2013-01-01,22,BEAUTY,0.0,0,Puyo,Pastaza,C,7,2013,1,1,1,1,0,1,3,2,-140.75137
2013-01-01,22,BEVERAGES,0.0,0,Puyo,Pastaza,C,7,2013,1,1,1,1,0,1,3,3,591.6113
2013-01-01,22,BOOKS,0.0,0,Puyo,Pastaza,C,7,2013,1,1,1,1,0,1,3,4,-200.42853
2013-01-01,22,BREAD/BAKERY,0.0,0,Puyo,Pastaza,C,7,2013,1,1,1,1,0,1,3,5,63.2332
2013-01-01,22,CELEBRATION,0.0,0,Puyo,Pastaza,C,7,2013,1,1,1,1,0,1,3,6,-204.4669
2013-01-01,22,CLEANING,0.0,0,Puyo,Pastaza,C,7,2013,1,1,1,1,0,1,3,7,437.9719
2013-01-01,22,DAIRY,0.0,0,Puyo,Pastaza,C,7,2013,1,1,1,1,0,1,3,8,130.95442
2013-01-01,22,DELI,0.0,0,Puyo,Pastaza,C,7,2013,1,1,1,1,0,1,3,9,-50.477253
2013-01-01,22,EGGS,0.0,0,Puyo,Pastaza,C,7,2013,1,1,1,1,0,1,3,10,-85.864395
2013-01-01,22,FROZEN FOODS,0.0,0,Puyo,Pastaza,C,7,2013,1,1,1,1,0,1,3,11,-99.677185
2013-01-01,22,GROCERY I,0.0,0,Puyo,Pastaza,C,7,2013,1,1,1,1,0,1,3,12,379.53802
2013-01-01,22,GROCERY II,0.0,0,Puyo,Pastaza,C,7,2013,1,1,1,1,0,1,3,13,-33.08992
2013-01-01,22,HARDWARE,0.0,0,Puyo,Pastaza,C,7,2013,1,1,1,1,0,1,3,14,-36.237865
2013-01-01,22,HOME AND KITCHEN I,0.0,0,Puyo,Pastaza,C,7,2013,1,1,1,1,0,1,3,15,-36.237865
2013-01-01,22,HOME AND KITCHEN II,0.0,0,Puyo,Pastaza,C,7,2013,1,1,1,1,0,1,3,16,-36.237865
2013-01-01,22,HOME APPLIANCES,0.0,0,Puyo,Pastaza,C,7,2013,1,1,1,1,0,1,3,17,-36.237865
2013-01-01,22,HOME CARE,0.0,0,Puyo,Pastaza,C,7,2013,1,1,1,1,0,1,3,18,-14.285822
2013-01-01,22,LADIESWEAR,0.0,0,Puyo,Pastaza,C,7,2013,1,1,1,1,0,1,3,19,-28.490011
2013-01-01,22,LAWN AND GARDEN,0.0,0,Puyo,Pastaza,C,7,2013,1,1,1,1,0,1,3,20,-28.490011
2013-01-01,22,LINGERIE,0.0,0,Puyo,Pastaza,C,7,2013,1,1,1,1,0,1,3,21,-28.490011
2013-01-01,22,"LIQUOR,WINE,BEER",0.0,0,Puyo,Pastaza,C,7,2013,1,1,1,1,0,1,3,22,-4.306407
2013-01-01,22,MAGAZINES,0.0,0,Puyo,Pastaza,C,7,2013,1,1,1,1,0,1,3,23,-24.022644
2013-01-01,22,MEATS,0.0,0,Puyo,Pastaza,C,7,2013,1,1,1,1,0,1,3,24,85.34212
2013-01-01,22,PERSONAL CARE,0.0,0,Puyo,Pastaza,C,7,2013,1,1,1,1,0,1,3,25,71.67026
2013-01-01,22,PET SUPPLIES,0.0,0,Puyo,Pastaza,C,7,2013,1,1,1,1,0,1,3,26,-73.81023
2013-01-01,22,PLAYERS AND ELECTRONICS,0.0,0,Puyo,Pastaza,C,7,2013,1,1,1,1,0,1,3,27,-73.81023
2013-01-01,22,POULTRY,0.0,0,Puyo,Pastaza,C,7,2013,1,1,1,1,0,1,3,28,14.27661
2013-01-01,22,PREPARED FOODS,0.0,0,Puyo,Pastaza,C,7,2013,1,1,1,1,0,1,3,29,-86.139015
2013-01-01,22,PRODUCE,0.0,0,Puyo,Pastaza,C,7,2013,1,1,1,1,0,1,3,30,-100.51485
2013-01-01,22,SCHOOL AND OFFICE SUPPLIES,0.0,0,Puyo,Pastaza,C,7,2013,1,1,1,1,0,1,3,31,-136.8731
2013-01-01,22,SEAFOOD,0.0,0,Puyo,Pastaza,C,7,2013,1,1,1,1,0,1,3,32,-135.70592
2013-01-01,23,AUTOMOTIVE,0.0,0,Ambato,Tungurahua,D,9,2013,1,1,1,1,0,1,4,0,-63.932835
2013-01-01,23,BABY CARE,0.0,0,Ambato,Tungurahua,D,9,2013,1,1,1,1,0,1,4,1,-65.74968
2013-01-01,23,BEAUTY,0.0,0,Ambato,Tungurahua,D,9,2013,1,1,1,1,0,1,4,2,-65.40086
2013-01-01,23,BEVERAGES,0.0,0,Ambato,Tungurahua,D,9,2013,1,1,1,1,0,1,4,3,666.9618
2013-01-01,23,BOOKS,0.0,0,Ambato,Tungurahua,D,9,2013,1,1,1,1,0,1,4,4,-125.078
2013-01-01,23,BREAD/BAKERY,0.0,0,Ambato,Tungurahua,D,9,2013,1,1,1,1,0,1,4,5,138.58366
2013-01-01,23,CELEBRATION,0.0,0,Ambato,Tungurahua,D,9,2013,1,1,1,1,0,1,4,6,-129.11641
2013-01-01,23,CLEANING,0.0,0,Ambato,Tungurahua,D,9,2013,1,1,1,1,0,1,4,7,566.3985
2013-01-01,23,DAIRY,0.0,0,Ambato,Tungurahua,D,9,2013,1,1,1,1,0,1,4,8,206.30493
2013-01-01,23,DELI,0.0,0,Ambato,Tungurahua,D,9,2013,1,1,1,1,0,1,4,9,24.873201
2013-01-01,23,EGGS,0.0,0,Ambato,Tungurahua,D,9,2013,1,1,1,1,0,1,4,10,-10.51396
2013-01-01,23,FROZEN FOODS,0.0,0,Ambato,Tungurahua,D,9,2013,1,1,1,1,0,1,4,11,-24.326712
2013-01-01,23,GROCERY I,0.0,0,Ambato,Tungurahua,D,9,2013,1,1,1,1,0,1,4,12,818.89166
2013-01-01,23,GROCERY II,0.0,0,Ambato,Tungurahua,D,9,2013,1,1,1,1,0,1,4,13,-16.996538
2013-01-01,23,HARDWARE,0.0,0,Ambato,Tungurahua,D,9,2013,1,1,1,1,0,1,4,14,-20.144487
2013-01-01,23,HOME AND KITCHEN I,0.0,0,Ambato,Tungurahua,D,9,2013,1,1,1,1,0,1,4,15,-20.144487
2013-01-01,23,HOME AND KITCHEN II,0.0,0,Ambato,Tungurahua,D,9,2013,1,1,1,1,0,1,4,16,-20.144487
2013-01-01,23,HOME APPLIANCES,0.0,0,Ambato,Tungurahua,D,9,2013,1,1,1,1,0,1,4,17,-20.144487
2013-01-01,23,HOME CARE,0.0,0,Ambato,Tungurahua,D,9,2013,1,1,1,1,0,1,4,18,1.8075464
2013-01-01,23,LADIESWEAR,0.0,0,Ambato,Tungurahua,D,9,2013,1,1,1,1,0,1,4,19,-12.396633
2013-01-01,23,LAWN AND GARDEN,0.0,0,Ambato,Tungurahua,D,9,2013,1,1,1,1,0,1,4,20,-12.396633
2013-01-01,23,LINGERIE,0.0,0,Ambato,Tungurahua,D,9,2013,1,1,1,1,0,1,4,21,-12.396633
2013-01-01,23,"LIQUOR,WINE,BEER",0.0,0,Ambato,Tungurahua,D,9,2013,1,1,1,1,0,1,4,22,11.786968
2013-01-01,23,MAGAZINES,0.0,0,Ambato,Tungurahua,D,9,2013,1,1,1,1,0,1,4,23,-7.9292674
2013-01-01,23,MEATS,0.0,0,Ambato,Tungurahua,D,9,2013,1,1,1,1,0,1,4,24,127.88583
2013-01-01,23,PERSONAL CARE,0.0,0,Ambato,Tungurahua,D,9,2013,1,1,1,1,0,1,4,25,114.213974
2013-01-01,23,PET SUPPLIES,0.0,0,Ambato,Tungurahua,D,9,2013,1,1,1,1,0,1,4,26,-31.266525
2013-01-01,23,PLAYERS AND ELECTRONICS,0.0,0,Ambato,Tungurahua,D,9,2013,1,1,1,1,0,1,4,27,-31.266525
2013-01-01,23,POULTRY,0.0,0,Ambato,Tungurahua,D,9,2013,1,1,1,1,0,1,4,28,65.19254
2013-01-01,23,PREPARED FOODS,0.0,0,Ambato,Tungurahua,D,9,2013,1,1,1,1,0,1,4,29,-42.194084
2013-01-01,23,PRODUCE,0.0,0,Ambato,Tungurahua,D,9,2013,1,1,1,1,0,1,4,30,-38.90462
2013-01-01,23,SCHOOL AND OFFICE SUPPLIES,0.0,0,Ambato,Tungurahua,D,9,2013,1,1,1,1,0,1,4,31,-67.87568
2013-01-01,23,SEAFOOD,0.0,0,Ambato,Tungurahua,D,9,2013,1,1,1,1,0,1,4,32,-66.7085
2013-01-01,24,AUTOMOTIVE,0.0,0,Guayaquil,Guayas,D,1,2013,1,1,1,1,0,1,4,0,6.208555
2013-01-01,24,BABY CARE,0.0,0,Guayaquil,Guayas,D,1,2013,1,1,1,1,0,1,4,1,4.391691
2013-01-01,24,BEAUTY,0.0,0,Guayaquil,Guayas,D,1,2013,1,1,1,1,0,1,4,2,4.740507
2013-01-01,24,BEVERAGES,0.0,0,Guayaquil,Guayas,D,1,2013,1,1,1,1,0,1,4,3,1305.0806
2013-01-01,24,BOOKS,0.0,0,Guayaquil,Guayas,D,1,2013,1,1,1,1,0,1,4,4,-15.225409
2013-01-01,24,BREAD/BAKERY,0.0,0,Guayaquil,Guayas,D,1,2013,1,1,1,1,0,1,4,5,250.51805
2013-01-01,24,CELEBRATION,0.0,0,Guayaquil,Guayas,D,1,2013,1,1,1,1,0,1,4,6,-17.181936
2013-01-01,24,CLEANING,0.0,0,Guayaquil,Guayas,D,1,2013,1,1,1,1,0,1,4,7,699.4836
2013-01-01,24,DAIRY,0.0,0,Guayaquil,Guayas,D,1,2013,1,1,1,1,0,1,4,8,318.23932
2013-01-01,24,DELI,0.0,0,Guayaquil,Guayas,D,1,2013,1,1,1,1,0,1,4,9,136.80766
2013-01-01,24,EGGS,0.0,0,Guayaquil,Guayas,D,1,2013,1,1,1,1,0,1,4,10,101.42051
2013-01-01,24,FROZEN FOODS,0.0,0,Guayaquil,Guayas,D,1,2013,1,1,1,1,0,1,4,11,87.60771
2013-01-01,24,GROCERY I,0.0,0,Guayaquil,Guayas,D,1,2013,1,1,1,1,0,1,4,12,926.2837
2013-01-01,24,GROCERY II,0.0,0,Guayaquil,Guayas,D,1,2013,1,1,1,1,0,1,4,13,67.2397
2013-01-01,24,HARDWARE,0.0,0,Guayaquil,Guayas,D,1,2013,1,1,1,1,0,1,4,14,64.09174
2013-01-01,24,HOME AND KITCHEN I,0.0,0,Guayaquil,Guayas,D,1,2013,1,1,1,1,0,1,4,15,64.09174
2013-01-01,24,HOME AND KITCHEN II,0.0,0,Guayaquil,Guayas,D,1,2013,1,1,1,1,0,1,4,16,64.09174
2013-01-01,24,HOME APPLIANCES,0.0,0,Guayaquil,Guayas,D,1,2013,1,1,1,1,0,1,4,17,64.09174
2013-01-01,24,HOME CARE,0.0,0,Guayaquil,Guayas,D,1,2013,1,1,1,1,0,1,4,18,89.12587
2013-01-01,24,LADIESWEAR,0.0,0,Guayaquil,Guayas,D,1,2013,1,1,1,1,0,1,4,19,74.92169
2013-01-01,24,LAWN AND GARDEN,0.0,0,Guayaquil,Guayas,D,1,2013,1,1,1,1,0,1,4,20,74.92169
2013-01-01,24,LINGERIE,0.0,0,Guayaquil,Guayas,D,1,2013,1,1,1,1,0,1,4,21,74.92169
2013-01-01,24,"LIQUOR,WINE,BEER",0.0,0,Guayaquil,Guayas,D,1,2013,1,1,1,1,0,1,4,22,99.10531
2013-01-01,24,MAGAZINES,0.0,0,Guayaquil,Guayas,D,1,2013,1,1,1,1,0,1,4,23,79.38909
2013-01-01,24,MEATS,0.0,0,Guayaquil,Guayas,D,1,2013,1,1,1,1,0,1,4,24,217.51251
2013-01-01,24,PERSONAL CARE,0.0,0,Guayaquil,Guayas,D,1,2013,1,1,1,1,0,1,4,25,203.84065
2013-01-01,24,PET SUPPLIES,0.0,0,Guayaquil,Guayas,D,1,2013,1,1,1,1,0,1,4,26,58.36013
2013-01-01,24,PLAYERS AND ELECTRONICS,0.0,0,Guayaquil,Guayas,D,1,2013,1,1,1,1,0,1,4,27,58.36013
2013-01-01,24,POULTRY,0.0,0,Guayaquil,Guayas,D,1,2013,1,1,1,1,0,1,4,28,173.30289
2013-01-01,24,PREPARED FOODS,0.0,0,Guayaquil,Guayas,D,1,2013,1,1,1,1,0,1,4,29,82.45
2013-01-01,24,PRODUCE,0.0,0,Guayaquil,Guayas,D,1,2013,1,1,1,1,0,1,4,30,227.19264
2013-01-01,24,SCHOOL AND OFFICE SUPPLIES,0.0,0,Guayaquil,Guayas,D,1,2013,1,1,1,1,0,1,4,31,45.19954
2013-01-01,24,SEAFOOD,0.0,0,Guayaquil,Guayas,D,1,2013,1,1,1,1,0,1,4,32,46.366714
2013-01-01,25,AUTOMOTIVE,0.0,0,Salinas,Santa Elena,D,1,2013,1,1,1,1,0,1,4,0,-62.872868
2013-01-01,25,BABY CARE,0.0,0,Salinas,Santa Elena,D,1,2013,1,1,1,1,0,1,4,1,-64.68973
2013-01-01,25,BEAUTY,2.0,0,Salinas,Santa Elena,D,1,2013,1,1,1,1,0,1,4,2,-64.34091
2013-01-01,25,BEVERAGES,810.0,0,Salinas,Santa Elena,D,1,2013,1,1,1,1,0,1,4,3,967.8123
2013-01-01,25,BOOKS,0.0,0,Salinas,Santa Elena,D,1,2013,1,1,1,1,0,1,4,4,-104.44823
2013-01-01,25,BREAD/BAKERY,180.589,0,Salinas,Santa Elena,D,1,2013,1,1,1,1,0,1,4,5,161.29533
2013-01-01,25,CELEBRATION,0.0,0,Salinas,Santa Elena,D,1,2013,1,1,1,1,0,1,4,6,-106.40477
2013-01-01,25,CLEANING,186.0,0,Salinas,Santa Elena,D,1,2013,1,1,1,1,0,1,4,7,522.581
2013-01-01,25,DAIRY,143.0,0,Salinas,Santa Elena,D,1,2013,1,1,1,1,0,1,4,8,229.01662
2013-01-01,25,DELI,71.09,0,Salinas,Santa Elena,D,1,2013,1,1,1,1,0,1,4,9,47.5849
2013-01-01,25,EGGS,46.0,0,Salinas,Santa Elena,D,1,2013,1,1,1,1,0,1,4,10,12.197687
2013-01-01,25,FROZEN FOODS,29.654999,0,Salinas,Santa Elena,D,1,2013,1,1,1,1,0,1,4,11,-1.6151028
2013-01-01,25,GROCERY I,700.0,0,Salinas,Santa Elena,D,1,2013,1,1,1,1,0,1,4,12,837.06067
2013-01-01,25,GROCERY II,15.0,0,Salinas,Santa Elena,D,1,2013,1,1,1,1,0,1,4,13,-21.983093
2013-01-01,25,HARDWARE,0.0,0,Salinas,Santa Elena,D,1,2013,1,1,1,1,0,1,4,14,-25.131042
2013-01-01,25,HOME AND KITCHEN I,0.0,0,Salinas,Santa Elena,D,1,2013,1,1,1,1,0,1,4,15,-25.131042
2013-01-01,25,HOME AND KITCHEN II,0.0,0,Salinas,Santa Elena,D,1,2013,1,1,1,1,0,1,4,16,-25.131042
2013-01-01,25,HOME APPLIANCES,0.0,0,Salinas,Santa Elena,D,1,2013,1,1,1,1,0,1,4,17,-25.131042
2013-01-01,25,HOME CARE,0.0,0,Salinas,Santa Elena,D,1,2013,1,1,1,1,0,1,4,18,-0.096922934
2013-01-01,25,LADIESWEAR,0.0,0,Salinas,Santa Elena,D,1,2013,1,1,1,1,0,1,4,19,-14.301098
2013-01-01,25,LAWN AND GARDEN,2.0,0,Salinas,Santa Elena,D,1,2013,1,1,1,1,0,1,4,20,-14.301098
2013-01-01,25,LINGERIE,5.0,0,Salinas,Santa Elena,D,1,2013,1,1,1,1,0,1,4,21,-14.301098
2013-01-01,25,"LIQUOR,WINE,BEER",105.0,0,Salinas,Santa Elena,D,1,2013,1,1,1,1,0,1,4,22,9.882502
2013-01-01,25,MAGAZINES,0.0,0,Salinas,Santa Elena,D,1,2013,1,1,1,1,0,1,4,23,-9.833702
2013-01-01,25,MEATS,110.801,0,Salinas,Santa Elena,D,1,2013,1,1,1,1,0,1,4,24,114.45201
2013-01-01,25,PERSONAL CARE,25.0,0,Salinas,Santa Elena,D,1,2013,1,1,1,1,0,1,4,25,100.78015
2013-01-01,25,PET SUPPLIES,0.0,0,Salinas,Santa Elena,D,1,2013,1,1,1,1,0,1,4,26,-44.700405
2013-01-01,25,PLAYERS AND ELECTRONICS,0.0,0,Salinas,Santa Elena,D,1,2013,1,1,1,1,0,1,4,27,-44.700405
2013-01-01,25,POULTRY,42.637,0,Salinas,Santa Elena,D,1,2013,1,1,1,1,0,1,4,28,61.87011
2013-01-01,25,PREPARED FOODS,37.847,0,Salinas,Santa Elena,D,1,2013,1,1,1,1,0,1,4,29,-28.982838
2013-01-01,25,PRODUCE,0.0,0,Salinas,Santa Elena,D,1,2013,1,1,1,1,0,1,4,30,101.98741
2013-01-01,25,SCHOOL AND OFFICE SUPPLIES,0.0,0,Salinas,Santa Elena,D,1,2013,1,1,1,1,0,1,4,31,-80.00579
2013-01-01,25,SEAFOOD,0.0,0,Salinas,Santa Elena,D,1,2013,1,1,1,1,0,1,4,32,-78.838615
2013-01-01,26,AUTOMOTIVE,0.0,0,Guayaquil,Guayas,D,10,2013,1,1,1,1,0,1,4,0,-81.488205
2013-01-01,26,BABY CARE,0.0,0,Guayaquil,Guayas,D,10,2013,1,1,1,1,0,1,4,1,-83.30507
2013-01-01,26,BEAUTY,0.0,0,Guayaquil,Guayas,D,10,2013,1,1,1,1,0,1,4,2,-82.95625
2013-01-01,26,BEVERAGES,0.0,0,Guayaquil,Guayas,D,10,2013,1,1,1,1,0,1,4,3,649.4064
2013-01-01,26,BOOKS,0.0,0,Guayaquil,Guayas,D,10,2013,1,1,1,1,0,1,4,4,-142.63338
2013-01-01,26,BREAD/BAKERY,0.0,0,Guayaquil,Guayas,D,10,2013,1,1,1,1,0,1,4,5,121.0283
2013-01-01,26,CELEBRATION,0.0,0,Guayaquil,Guayas,D,10,2013,1,1,1,1,0,1,4,6,-146.67178
2013-01-01,26,CLEANING,0.0,0,Guayaquil,Guayas,D,10,2013,1,1,1,1,0,1,4,7,461.1634
2013-01-01,26,DAIRY,0.0,0,Guayaquil,Guayas,D,10,2013,1,1,1,1,0,1,4,8,188.74953
2013-01-01,26,DELI,0.0,0,Guayaquil,Guayas,D,10,2013,1,1,1,1,0,1,4,9,7.317827
2013-01-01,26,EGGS,0.0,0,Guayaquil,Guayas,D,10,2013,1,1,1,1,0,1,4,10,-28.069336
2013-01-01,26,FROZEN FOODS,0.0,0,Guayaquil,Guayas,D,10,2013,1,1,1,1,0,1,4,11,-41.882084
2013-01-01,26,GROCERY I,0.0,0,Guayaquil,Guayas,D,10,2013,1,1,1,1,0,1,4,12,801.33624
2013-01-01,26,GROCERY II,0.0,0,Guayaquil,Guayas,D,10,2013,1,1,1,1,0,1,4,13,-35.918823
2013-01-01,26,HARDWARE,0.0,0,Guayaquil,Guayas,D,10,2013,1,1,1,1,0,1,4,14,-39.06677
2013-01-01,26,HOME AND KITCHEN I,0.0,0,Guayaquil,Guayas,D,10,2013,1,1,1,1,0,1,4,15,-39.06677
2013-01-01,26,HOME AND KITCHEN II,0.0,0,Guayaquil,Guayas,D,10,2013,1,1,1,1,0,1,4,16,-39.06677
2013-01-01,26,HOME APPLIANCES,0.0,0,Guayaquil,Guayas,D,10,2013,1,1,1,1,0,1,4,17,-39.06677
2013-01-01,26,HOME CARE,0.0,0,Guayaquil,Guayas,D,10,2013,1,1,1,1,0,1,4,18,-17.114737
2013-01-01,26,LADIESWEAR,0.0,0,Guayaquil,Guayas,D,10,2013,1,1,1,1,0,1,4,19,-31.318922
2013-01-01,26,LAWN AND GARDEN,0.0,0,Guayaquil,Guayas,D,10,2013,1,1,1,1,0,1,4,20,-31.318922
2013-01-01,26,LINGERIE,0.0,0,Guayaquil,Guayas,D,10,2013,1,1,1,1,0,1,4,21,-31.318922
2013-01-01,26,"LIQUOR,WINE,BEER",0.0,0,Guayaquil,Guayas,D,10,2013,1,1,1,1,0,1,4,22,-7.1353173
2013-01-01,26,MAGAZINES,0.0,0,Guayaquil,Guayas,D,10,2013,1,1,1,1,0,1,4,23,-26.851553
2013-01-01,26,MEATS,0.0,0,Guayaquil,Guayas,D,10,2013,1,1,1,1,0,1,4,24,95.12582
2013-01-01,26,PERSONAL CARE,0.0,0,Guayaquil,Guayas,D,10,2013,1,1,1,1,0,1,4,25,81.453926
2013-01-01,26,PET SUPPLIES,0.0,0,Guayaquil,Guayas,D,10,2013,1,1,1,1,0,1,4,26,-64.026566
2013-01-01,26,PLAYERS AND ELECTRONICS,0.0,0,Guayaquil,Guayas,D,10,2013,1,1,1,1,0,1,4,27,-64.026566
2013-01-01,26,POULTRY,0.0,0,Guayaquil,Guayas,D,10,2013,1,1,1,1,0,1,4,28,24.060268
2013-01-01,26,PREPARED FOODS,0.0,0,Guayaquil,Guayas,D,10,2013,1,1,1,1,0,1,4,29,-83.32636
2013-01-01,26,PRODUCE,0.0,0,Guayaquil,Guayas,D,10,2013,1,1,1,1,0,1,4,30,-80.036896
2013-01-01,26,SCHOOL AND OFFICE SUPPLIES,0.0,0,Guayaquil,Guayas,D,10,2013,1,1,1,1,0,1,4,31,-109.00796
2013-01-01,26,SEAFOOD,0.0,0,Guayaquil,Guayas,D,10,2013,1,1,1,1,0,1,4,32,-107.84078
2013-01-01,27,AUTOMOTIVE,0.0,0,Daule,Guayas,D,1,2013,1,1,1,1,0,1,4,0,-23.878517
2013-01-01,27,BABY CARE,0.0,0,Daule,Guayas,D,1,2013,1,1,1,1,0,1,4,1,-25.695366
2013-01-01,27,BEAUTY,0.0,0,Daule,Guayas,D,1,2013,1,1,1,1,0,1,4,2,-25.34655
2013-01-01,27,BEVERAGES,0.0,0,Daule,Guayas,D,1,2013,1,1,1,1,0,1,4,3,1059.6714
2013-01-01,27,BOOKS,0.0,0,Daule,Guayas,D,1,2013,1,1,1,1,0,1,4,4,-65.45387
2013-01-01,27,BREAD/BAKERY,0.0,0,Daule,Guayas,D,1,2013,1,1,1,1,0,1,4,5,200.28969
2013-01-01,27,CELEBRATION,0.0,0,Daule,Guayas,D,1,2013,1,1,1,1,0,1,4,6,-67.41041
2013-01-01,27,CLEANING,0.0,0,Daule,Guayas,D,1,2013,1,1,1,1,0,1,4,7,603.94653
2013-01-01,27,DAIRY,0.0,0,Daule,Guayas,D,1,2013,1,1,1,1,0,1,4,8,268.01093
2013-01-01,27,DELI,0.0,0,Daule,Guayas,D,1,2013,1,1,1,1,0,1,4,9,86.579254
2013-01-01,27,EGGS,0.0,0,Daule,Guayas,D,1,2013,1,1,1,1,0,1,4,10,51.19211
2013-01-01,27,FROZEN FOODS,0.0,0,Daule,Guayas,D,1,2013,1,1,1,1,0,1,4,11,37.379288
2013-01-01,27,GROCERY I,0.0,0,Daule,Guayas,D,1,2013,1,1,1,1,0,1,4,12,913.4524
2013-01-01,27,GROCERY II,0.0,0,Daule,Guayas,D,1,2013,1,1,1,1,0,1,4,13,17.01125
2013-01-01,27,HARDWARE,0.0,0,Daule,Guayas,D,1,2013,1,1,1,1,0,1,4,14,13.863306
2013-01-01,27,HOME AND KITCHEN I,0.0,0,Daule,Guayas,D,1,2013,1,1,1,1,0,1,4,15,13.863306
2013-01-01,27,HOME AND KITCHEN II,0.0,0,Daule,Guayas,D,1,2013,1,1,1,1,0,1,4,16,13.863306
2013-01-01,27,HOME APPLIANCES,0.0,0,Daule,Guayas,D,1,2013,1,1,1,1,0,1,4,17,13.863306
2013-01-01,27,HOME CARE,0.0,0,Daule,Guayas,D,1,2013,1,1,1,1,0,1,4,18,38.897404
2013-01-01,27,LADIESWEAR,0.0,0,Daule,Guayas,D,1,2013,1,1,1,1,0,1,4,19,24.693241
2013-01-01,27,LAWN AND GARDEN,0.0,0,Daule,Guayas,D,1,2013,1,1,1,1,0,1,4,20,24.693241
2013-01-01,27,LINGERIE,0.0,0,Daule,Guayas,D,1,2013,1,1,1,1,0,1,4,21,24.693241
2013-01-01,27,"LIQUOR,WINE,BEER",0.0,0,Daule,Guayas,D,1,2013,1,1,1,1,0,1,4,22,48.87683
2013-01-01,27,MAGAZINES,0.0,0,Daule,Guayas,D,1,2013,1,1,1,1,0,1,4,23,29.160635
2013-01-01,27,MEATS,0.0,0,Daule,Guayas,D,1,2013,1,1,1,1,0,1,4,24,153.44637
2013-01-01,27,PERSONAL CARE,0.0,0,Daule,Guayas,D,1,2013,1,1,1,1,0,1,4,25,139.7745
2013-01-01,27,PET SUPPLIES,0.0,0,Daule,Guayas,D,1,2013,1,1,1,1,0,1,4,26,-5.70606
2013-01-01,27,PLAYERS AND ELECTRONICS,0.0,0,Daule,Guayas,D,1,2013,1,1,1,1,0,1,4,27,-5.70606
2013-01-01,27,POULTRY,0.0,0,Daule,Guayas,D,1,2013,1,1,1,1,0,1,4,28,100.86449
2013-01-01,27,PREPARED FOODS,0.0,0,Daule,Guayas,D,1,2013,1,1,1,1,0,1,4,29,10.011558
2013-01-01,27,PRODUCE,0.0,0,Daule,Guayas,D,1,2013,1,1,1,1,0,1,4,30,140.98178
2013-01-01,27,SCHOOL AND OFFICE SUPPLIES,0.0,0,Daule,Guayas,D,1,2013,1,1,1,1,0,1,4,31,-41.011436
2013-01-01,27,SEAFOOD,0.0,0,Daule,Guayas,D,1,2013,1,1,1,1,0,1,4,32,-39.84426
2013-01-01,28,AUTOMOTIVE,0.0,0,Guayaquil,Guayas,E,10,2013,1,1,1,1,0,1,5,0,-66.38591
2013-01-01,28,BABY CARE,0.0,0,Guayaquil,Guayas,E,10,2013,1,1,1,1,0,1,5,1,-68.202774
2013-01-01,28,BEAUTY,0.0,0,Guayaquil,Guayas,E,10,2013,1,1,1,1,0,1,5,2,-67.85396
2013-01-01,28,BEVERAGES,0.0,0,Guayaquil,Guayas,E,10,2013,1,1,1,1,0,1,5,3,664.5087
2013-01-01,28,BOOKS,0.0,0,Guayaquil,Guayas,E,10,2013,1,1,1,1,0,1,5,4,-127.5311
2013-01-01,28,BREAD/BAKERY,0.0,0,Guayaquil,Guayas,E,10,2013,1,1,1,1,0,1,5,5,136.1306
2013-01-01,28,CELEBRATION,0.0,0,Guayaquil,Guayas,E,10,2013,1,1,1,1,0,1,5,6,-131.5695
2013-01-01,28,CLEANING,0.0,0,Guayaquil,Guayas,E,10,2013,1,1,1,1,0,1,5,7,518.63684
2013-01-01,28,DAIRY,0.0,0,Guayaquil,Guayas,E,10,2013,1,1,1,1,0,1,5,8,203.85184
2013-01-01,28,DELI,0.0,0,Guayaquil,Guayas,E,10,2013,1,1,1,1,0,1,5,9,22.420115
2013-01-01,28,EGGS,0.0,0,Guayaquil,Guayas,E,10,2013,1,1,1,1,0,1,5,10,-12.967047
2013-01-01,28,FROZEN FOODS,0.0,0,Guayaquil,Guayas,E,10,2013,1,1,1,1,0,1,5,11,-26.779795
2013-01-01,28,GROCERY I,0.0,0,Guayaquil,Guayas,E,10,2013,1,1,1,1,0,1,5,12,853.83594
2013-01-01,28,GROCERY II,0.0,0,Guayaquil,Guayas,E,10,2013,1,1,1,1,0,1,5,13,-20.816534
2013-01-01,28,HARDWARE,0.0,0,Guayaquil,Guayas,E,10,2013,1,1,1,1,0,1,5,14,-23.96448
2013-01-01,28,HOME AND KITCHEN I,0.0,0,Guayaquil,Guayas,E,10,2013,1,1,1,1,0,1,5,15,-23.96448
2013-01-01,28,HOME AND KITCHEN II,0.0,0,Guayaquil,Guayas,E,10,2013,1,1,1,1,0,1,5,16,-23.96448
2013-01-01,28,HOME APPLIANCES,0.0,0,Guayaquil,Guayas,E,10,2013,1,1,1,1,0,1,5,17,-23.96448
2013-01-01,28,HOME CARE,0.0,0,Guayaquil,Guayas,E,10,2013,1,1,1,1,0,1,5,18,-2.0124483
2013-01-01,28,LADIESWEAR,0.0,0,Guayaquil,Guayas,E,10,2013,1,1,1,1,0,1,5,19,-16.216627
2013-01-01,28,LAWN AND GARDEN,0.0,0,Guayaquil,Guayas,E,10,2013,1,1,1,1,0,1,5,20,-16.216627
2013-01-01,28,LINGERIE,0.0,0,Guayaquil,Guayas,E,10,2013,1,1,1,1,0,1,5,21,-16.216627
2013-01-01,28,"LIQUOR,WINE,BEER",0.0,0,Guayaquil,Guayas,E,10,2013,1,1,1,1,0,1,5,22,7.966974
2013-01-01,28,MAGAZINES,0.0,0,Guayaquil,Guayas,E,10,2013,1,1,1,1,0,1,5,23,-11.749262
2013-01-01,28,MEATS,0.0,0,Guayaquil,Guayas,E,10,2013,1,1,1,1,0,1,5,24,110.2281
2013-01-01,28,PERSONAL CARE,0.0,0,Guayaquil,Guayas,E,10,2013,1,1,1,1,0,1,5,25,96.55621
2013-01-01,28,PET SUPPLIES,0.0,0,Guayaquil,Guayas,E,10,2013,1,1,1,1,0,1,5,26,-48.92428
2013-01-01,28,PLAYERS AND ELECTRONICS,0.0,0,Guayaquil,Guayas,E,10,2013,1,1,1,1,0,1,5,27,-48.92428
2013-01-01,28,POULTRY,0.0,0,Guayaquil,Guayas,E,10,2013,1,1,1,1,0,1,5,28,39.162556
2013-01-01,28,PREPARED FOODS,0.0,0,Guayaquil,Guayas,E,10,2013,1,1,1,1,0,1,5,29,-68.22407
2013-01-01,28,PRODUCE,0.0,0,Guayaquil,Guayas,E,10,2013,1,1,1,1,0,1,5,30,-64.934616
2013-01-01,28,SCHOOL AND OFFICE SUPPLIES,0.0,0,Guayaquil,Guayas,E,10,2013,1,1,1,1,0,1,5,31,-93.90567
2013-01-01,28,SEAFOOD,0.0,0,Guayaquil,Guayas,E,10,2013,1,1,1,1,0,1,5,32,-92.738495
2013-01-01,29,AUTOMOTIVE,0.0,0,Guayaquil,Guayas,E,10,2013,1,1,1,1,0,1,5,0,-74.30594
2013-01-01,29,BABY CARE,0.0,0,Guayaquil,Guayas,E,10,2013,1,1,1,1,0,1,5,1,-76.1228
2013-01-01,29,BEAUTY,0.0,0,Guayaquil,Guayas,E,10,2013,1,1,1,1,0,1,5,2,-75.77399
2013-01-01,29,BEVERAGES,0.0,0,Guayaquil,Guayas,E,10,2013,1,1,1,1,0,1,5,3,656.5887
2013-01-01,29,BOOKS,0.0,0,Guayaquil,Guayas,E,10,2013,1,1,1,1,0,1,5,4,-135.45113
2013-01-01,29,BREAD/BAKERY,0.0,0,Guayaquil,Guayas,E,10,2013,1,1,1,1,0,1,5,5,128.21059
2013-01-01,29,CELEBRATION,0.0,0,Guayaquil,Guayas,E,10,2013,1,1,1,1,0,1,5,6,-139.48953
2013-01-01,29,CLEANING,0.0,0,Guayaquil,Guayas,E,10,2013,1,1,1,1,0,1,5,7,510.7168
2013-01-01,29,DAIRY,0.0,0,Guayaquil,Guayas,E,10,2013,1,1,1,1,0,1,5,8,195.9318
2013-01-01,29,DELI,0.0,0,Guayaquil,Guayas,E,10,2013,1,1,1,1,0,1,5,9,14.500093
2013-01-01,29,EGGS,0.0,0,Guayaquil,Guayas,E,10,2013,1,1,1,1,0,1,5,10,-20.887068
2013-01-01,29,FROZEN FOODS,0.0,0,Guayaquil,Guayas,E,10,2013,1,1,1,1,0,1,5,11,-34.69981
2013-01-01,29,GROCERY I,0.0,0,Guayaquil,Guayas,E,10,2013,1,1,1,1,0,1,5,12,845.916
2013-01-01,29,GROCERY II,0.0,0,Guayaquil,Guayas,E,10,2013,1,1,1,1,0,1,5,13,-22.942562
2013-01-01,29,HARDWARE,0.0,0,Guayaquil,Guayas,E,10,2013,1,1,1,1,0,1,5,14,-26.090504
2013-01-01,29,HOME AND KITCHEN I,0.0,0,Guayaquil,Guayas,E,10,2013,1,1,1,1,0,1,5,15,-26.090504
2013-01-01,29,HOME AND KITCHEN II,0.0,0,Guayaquil,Guayas,E,10,2013,1,1,1,1,0,1,5,16,-26.090504
2013-01-01,29,HOME APPLIANCES,0.0,0,Guayaquil,Guayas,E,10,2013,1,1,1,1,0,1,5,17,-26.090504
2013-01-01,29,HOME CARE,0.0,0,Guayaquil,Guayas,E,10,2013,1,1,1,1,0,1,5,18,-4.1384735
2013-01-01,29,LADIESWEAR,0.0,0,Guayaquil,Guayas,E,10,2013,1,1,1,1,0,1,5,19,-18.342653
2013-01-01,29,LAWN AND GARDEN,0.0,0,Guayaquil,Guayas,E,10,2013,1,1,1,1,0,1,5,20,-18.342653
2013-01-01,29,LINGERIE,0.0,0,Guayaquil,Guayas,E,10,2013,1,1,1,1,0,1,5,21,-18.342653
2013-01-01,29,"LIQUOR,WINE,BEER",0.0,0,Guayaquil,Guayas,E,10,2013,1,1,1,1,0,1,5,22,5.8409467
2013-01-01,29,MAGAZINES,0.0,0,Guayaquil,Guayas,E,10,2013,1,1,1,1,0,1,5,23,-13.875286
2013-01-01,29,MEATS,0.0,0,Guayaquil,Guayas,E,10,2013,1,1,1,1,0,1,5,24,108.102066
2013-01-01,29,PERSONAL CARE,0.0,0,Guayaquil,Guayas,E,10,2013,1,1,1,1,0,1,5,25,94.43019
2013-01-01,29,PET SUPPLIES,0.0,0,Guayaquil,Guayas,E,10,2013,1,1,1,1,0,1,5,26,-51.050304
2013-01-01,29,PLAYERS AND ELECTRONICS,0.0,0,Guayaquil,Guayas,E,10,2013,1,1,1,1,0,1,5,27,-51.050304
2013-01-01,29,POULTRY,0.0,0,Guayaquil,Guayas,E,10,2013,1,1,1,1,0,1,5,28,36.283817
2013-01-01,29,PREPARED FOODS,0.0,0,Guayaquil,Guayas,E,10,2013,1,1,1,1,0,1,5,29,-70.35009
2013-01-01,29,PRODUCE,0.0,0,Guayaquil,Guayas,E,10,2013,1,1,1,1,0,1,5,30,-60.483673
2013-01-01,29,SCHOOL AND OFFICE SUPPLIES,0.0,0,Guayaquil,Guayas,E,10,2013,1,1,1,1,0,1,5,31,-89.454735
2013-01-01,29,SEAFOOD,0.0,0,Guayaquil,Guayas,E,10,2013,1,1,1,1,0,1,5,32,-88.28755
2013-01-01,3,AUTOMOTIVE,0.0,0,Quito,Pichincha,D,8,2013,1,1,1,1,0,1,4,0,84.107025
2013-01-01,3,BABY CARE,0.0,0,Quito,Pichincha,D,8,2013,1,1,1,1,0,1,4,1,82.29016
2013-01-01,3,BEAUTY,0.0,0,Quito,Pichincha,D,8,2013,1,1,1,1,0,1,4,2,82.63898
2013-01-01,3,BEVERAGES,0.0,0,Quito,Pichincha,D,8,2013,1,1,1,1,0,1,4,3,2287.8542
2013-01-01,3,BOOKS,0.0,0,Quito,Pichincha,D,8,2013,1,1,1,1,0,1,4,4,273.9248
2013-01-01,3,BREAD/BAKERY,0.0,0,Quito,Pichincha,D,8,2013,1,1,1,1,0,1,4,5,598.95215
2013-01-01,3,CELEBRATION,0.0,0,Quito,Pichincha,D,8,2013,1,1,1,1,0,1,4,6,269.91357
2013-01-01,3,CLEANING,0.0,0,Quito,Pichincha,D,8,2013,1,1,1,1,0,1,4,7,1226.3425
2013-01-01,3,DAIRY,0.0,0,Quito,Pichincha,D,8,2013,1,1,1,1,0,1,4,8,752.619
2013-01-01,3,DELI,0.0,0,Quito,Pichincha,D,8,2013,1,1,1,1,0,1,4,9,395.62253
2013-01-01,3,EGGS,0.0,0,Quito,Pichincha,D,8,2013,1,1,1,1,0,1,4,10,360.23535
2013-01-01,3,FROZEN FOODS,0.0,0,Quito,Pichincha,D,8,2013,1,1,1,1,0,1,4,11,346.42252
2013-01-01,3,GROCERY I,0.0,0,Quito,Pichincha,D,8,2013,1,1,1,1,0,1,4,12,3899.9888
2013-01-01,3,GROCERY II,0.0,0,Quito,Pichincha,D,8,2013,1,1,1,1,0,1,4,13,94.19608
2013-01-01,3,HARDWARE,0.0,0,Quito,Pichincha,D,8,2013,1,1,1,1,0,1,4,14,91.048134
2013-01-01,3,HOME AND KITCHEN I,0.0,0,Quito,Pichincha,D,8,2013,1,1,1,1,0,1,4,15,91.048134
2013-01-01,3,HOME AND KITCHEN II,0.0,0,Quito,Pichincha,D,8,2013,1,1,1,1,0,1,4,16,91.048134
2013-01-01,3,HOME APPLIANCES,0.0,0,Quito,Pichincha,D,8,2013,1,1,1,1,0,1,4,17,91.048134
2013-01-01,3,HOME CARE,0.0,0,Quito,Pichincha,D,8,2013,1,1,1,1,0,1,4,18,117.30193
2013-01-01,3,LADIESWEAR,0.0,0,Quito,Pichincha,D,8,2013,1,1,1,1,0,1,4,19,103.09777
2013-01-01,3,LAWN AND GARDEN,0.0,0,Quito,Pichincha,D,8,2013,1,1,1,1,0,1,4,20,103.09777
2013-01-01,3,LINGERIE,0.0,0,Quito,Pichincha,D,8,2013,1,1,1,1,0,1,4,21,103.09777
2013-01-01,3,"LIQUOR,WINE,BEER",0.0,0,Quito,Pichincha,D,8,2013,1,1,1,1,0,1,4,22,127.28138
2013-01-01,3,MAGAZINES,0.0,0,Quito,Pichincha,D,8,2013,1,1,1,1,0,1,4,23,107.56516
2013-01-01,3,MEATS,0.0,0,Quito,Pichincha,D,8,2013,1,1,1,1,0,1,4,24,321.85245
2013-01-01,3,PERSONAL CARE,0.0,0,Quito,Pichincha,D,8,2013,1,1,1,1,0,1,4,25,278.6874
2013-01-01,3,PET SUPPLIES,0.0,0,Quito,Pichincha,D,8,2013,1,1,1,1,0,1,4,26,118.24046
2013-01-01,3,PLAYERS AND ELECTRONICS,0.0,0,Quito,Pichincha,D,8,2013,1,1,1,1,0,1,4,27,118.24046
2013-01-01,3,POULTRY,0.0,0,Quito,Pichincha,D,8,2013,1,1,1,1,0,1,4,28,556.0893
2013-01-01,3,PREPARED FOODS,0.0,0,Quito,Pichincha,D,8,2013,1,1,1,1,0,1,4,29,416.23596
2013-01-01,3,PRODUCE,0.0,0,Quito,Pichincha,D,8,2013,1,1,1,1,0,1,4,30,1691.5881
2013-01-01,3,SCHOOL AND OFFICE SUPPLIES,0.0,0,Quito,Pichincha,D,8,2013,1,1,1,1,0,1,4,31,30.40989
2013-01-01,3,SEAFOOD,0.0,0,Quito,Pichincha,D,8,2013,1,1,1,1,0,1,4,32,39.132362
2013-01-01,30,AUTOMOTIVE,0.0,0,Guayaquil,Guayas,C,3,2013,1,1,1,1,0,1,3,0,-106.756256
2013-01-01,30,BABY CARE,0.0,0,Guayaquil,Guayas,C,3,2013,1,1,1,1,0,1,3,1,-108.57312
2013-01-01,30,BEAUTY,0.0,0,Guayaquil,Guayas,C,3,2013,1,1,1,1,0,1,3,2,-108.22429
2013-01-01,30,BEVERAGES,0.0,0,Guayaquil,Guayas,C,3,2013,1,1,1,1,0,1,3,3,599.75696
2013-01-01,30,BOOKS,0.0,0,Guayaquil,Guayas,C,3,2013,1,1,1,1,0,1,3,4,-167.90143
2013-01-01,30,BREAD/BAKERY,0.0,0,Guayaquil,Guayas,C,3,2013,1,1,1,1,0,1,3,5,95.7603
2013-01-01,30,CELEBRATION,0.0,0,Guayaquil,Guayas,C,3,2013,1,1,1,1,0,1,3,6,-171.9398
2013-01-01,30,CLEANING,0.0,0,Guayaquil,Guayas,C,3,2013,1,1,1,1,0,1,3,7,470.49902
2013-01-01,30,DAIRY,0.0,0,Guayaquil,Guayas,C,3,2013,1,1,1,1,0,1,3,8,163.4815
2013-01-01,30,DELI,0.0,0,Guayaquil,Guayas,C,3,2013,1,1,1,1,0,1,3,9,-17.950193
2013-01-01,30,EGGS,0.0,0,Guayaquil,Guayas,C,3,2013,1,1,1,1,0,1,3,10,-53.33734
2013-01-01,30,FROZEN FOODS,0.0,0,Guayaquil,Guayas,C,3,2013,1,1,1,1,0,1,3,11,-67.15013
2013-01-01,30,GROCERY I,0.0,0,Guayaquil,Guayas,C,3,2013,1,1,1,1,0,1,3,12,813.466
2013-01-01,30,GROCERY II,0.0,0,Guayaquil,Guayas,C,3,2013,1,1,1,1,0,1,3,13,-43.139694
2013-01-01,30,HARDWARE,0.0,0,Guayaquil,Guayas,C,3,2013,1,1,1,1,0,1,3,14,-46.287632
2013-01-01,30,HOME AND KITCHEN I,0.0,0,Guayaquil,Guayas,C,3,2013,1,1,1,1,0,1,3,15,-46.287632
2013-01-01,30,HOME AND KITCHEN II,0.0,0,Guayaquil,Guayas,C,3,2013,1,1,1,1,0,1,3,16,-46.287632
2013-01-01,30,HOME APPLIANCES,0.0,0,Guayaquil,Guayas,C,3,2013,1,1,1,1,0,1,3,17,-46.287632
2013-01-01,30,HOME CARE,0.0,0,Guayaquil,Guayas,C,3,2013,1,1,1,1,0,1,3,18,-24.33558
2013-01-01,30,LADIESWEAR,0.0,0,Guayaquil,Guayas,C,3,2013,1,1,1,1,0,1,3,19,-38.539776
2013-01-01,30,LAWN AND GARDEN,0.0,0,Guayaquil,Guayas,C,3,2013,1,1,1,1,0,1,3,20,-38.539776
2013-01-01,30,LINGERIE,0.0,0,Guayaquil,Guayas,C,3,2013,1,1,1,1,0,1,3,21,-38.539776
2013-01-01,30,"LIQUOR,WINE,BEER",0.0,0,Guayaquil,Guayas,C,3,2013,1,1,1,1,0,1,3,22,-14.356169
2013-01-01,30,MAGAZINES,0.0,0,Guayaquil,Guayas,C,3,2013,1,1,1,1,0,1,3,23,-34.07241
2013-01-01,30,MEATS,0.0,0,Guayaquil,Guayas,C,3,2013,1,1,1,1,0,1,3,24,87.904945
2013-01-01,30,PERSONAL CARE,0.0,0,Guayaquil,Guayas,C,3,2013,1,1,1,1,0,1,3,25,74.233086
2013-01-01,30,PET SUPPLIES,0.0,0,Guayaquil,Guayas,C,3,2013,1,1,1,1,0,1,3,26,-71.24741
2013-01-01,30,PLAYERS AND ELECTRONICS,0.0,0,Guayaquil,Guayas,C,3,2013,1,1,1,1,0,1,3,27,-71.24741
2013-01-01,30,POULTRY,0.0,0,Guayaquil,Guayas,C,3,2013,1,1,1,1,0,1,3,28,16.086716
2013-01-01,30,PREPARED FOODS,0.0,0,Guayaquil,Guayas,C,3,2013,1,1,1,1,0,1,3,29,-83.576195
2013-01-01,30,PRODUCE,0.0,0,Guayaquil,Guayas,C,3,2013,1,1,1,1,0,1,3,30,-80.85204
2013-01-01,30,SCHOOL AND OFFICE SUPPLIES,0.0,0,Guayaquil,Guayas,C,3,2013,1,1,1,1,0,1,3,31,-117.21031
2013-01-01,30,SEAFOOD,0.0,0,Guayaquil,Guayas,C,3,2013,1,1,1,1,0,1,3,32,-116.04314
2013-01-01,31,AUTOMOTIVE,0.0,0,Babahoyo,Los Rios,B,10,2013,1,1,1,1,0,1,2,0,-40.06023
2013-01-01,31,BABY CARE,0.0,0,Babahoyo,Los Rios,B,10,2013,1,1,1,1,0,1,2,1,-41.87709
2013-01-01,31,BEAUTY,0.0,0,Babahoyo,Los Rios,B,10,2013,1,1,1,1,0,1,2,2,-41.528275
2013-01-01,31,BEVERAGES,0.0,0,Babahoyo,Los Rios,B,10,2013,1,1,1,1,0,1,2,3,782.11145
2013-01-01,31,BOOKS,0.0,0,Babahoyo,Los Rios,B,10,2013,1,1,1,1,0,1,2,4,-93.01619
2013-01-01,31,BREAD/BAKERY,0.0,0,Babahoyo,Los Rios,B,10,2013,1,1,1,1,0,1,2,5,225.77202
2013-01-01,31,CELEBRATION,0.0,0,Babahoyo,Los Rios,B,10,2013,1,1,1,1,0,1,2,6,-75.83533
2013-01-01,31,CLEANING,0.0,0,Babahoyo,Los Rios,B,10,2013,1,1,1,1,0,1,2,7,702.16693
2013-01-01,31,DAIRY,0.0,0,Babahoyo,Los Rios,B,10,2013,1,1,1,1,0,1,2,8,344.2691
2013-01-01,31,DELI,0.0,0,Babahoyo,Los Rios,B,10,2013,1,1,1,1,0,1,2,9,134.88963
2013-01-01,31,EGGS,0.0,0,Babahoyo,Los Rios,B,10,2013,1,1,1,1,0,1,2,10,-3.066557
2013-01-01,31,FROZEN FOODS,0.0,0,Babahoyo,Los Rios,B,10,2013,1,1,1,1,0,1,2,11,-16.879332
2013-01-01,31,GROCERY I,0.0,0,Babahoyo,Los Rios,B,10,2013,1,1,1,1,0,1,2,12,1523.9741
2013-01-01,31,GROCERY II,0.0,0,Babahoyo,Los Rios,B,10,2013,1,1,1,1,0,1,2,13,-4.5204334
2013-01-01,31,HARDWARE,0.0,0,Babahoyo,Los Rios,B,10,2013,1,1,1,1,0,1,2,14,-7.668378
2013-01-01,31,HOME AND KITCHEN I,0.0,0,Babahoyo,Los Rios,B,10,2013,1,1,1,1,0,1,2,15,-7.668378
2013-01-01,31,HOME AND KITCHEN II,0.0,0,Babahoyo,Los Rios,B,10,2013,1,1,1,1,0,1,2,16,-7.668378
2013-01-01,31,HOME APPLIANCES,0.0,0,Babahoyo,Los Rios,B,10,2013,1,1,1,1,0,1,2,17,-7.668378
2013-01-01,31,HOME CARE,0.0,0,Babahoyo,Los Rios,B,10,2013,1,1,1,1,0,1,2,18,30.337954
2013-01-01,31,LADIESWEAR,0.0,0,Babahoyo,Los Rios,B,10,2013,1,1,1,1,0,1,2,19,-2.0528893
2013-01-01,31,LAWN AND GARDEN,0.0,0,Babahoyo,Los Rios,B,10,2013,1,1,1,1,0,1,2,20,-2.0528893
2013-01-01,31,LINGERIE,0.0,0,Babahoyo,Los Rios,B,10,2013,1,1,1,1,0,1,2,21,-2.0528893
2013-01-01,31,"LIQUOR,WINE,BEER",0.0,0,Babahoyo,Los Rios,B,10,2013,1,1,1,1,0,1,2,22,24.561129
2013-01-01,31,MAGAZINES,0.0,0,Babahoyo,Los Rios,B,10,2013,1,1,1,1,0,1,2,23,4.8448987
2013-01-01,31,MEATS,0.0,0,Babahoyo,Los Rios,B,10,2013,1,1,1,1,0,1,2,24,242.50006
2013-01-01,31,PERSONAL CARE,0.0,0,Babahoyo,Los Rios,B,10,2013,1,1,1,1,0,1,2,25,181.7294
2013-01-01,31,PET SUPPLIES,0.0,0,Babahoyo,Los Rios,B,10,2013,1,1,1,1,0,1,2,26,-52.016518
2013-01-01,31,PLAYERS AND ELECTRONICS,0.0,0,Babahoyo,Los Rios,B,10,2013,1,1,1,1,0,1,2,27,-52.016518
2013-01-01,31,POULTRY,0.0,0,Babahoyo,Los Rios,B,10,2013,1,1,1,1,0,1,2,28,70.93354
2013-01-01,31,PREPARED FOODS,0.0,0,Babahoyo,Los Rios,B,10,2013,1,1,1,1,0,1,2,29,-81.78461
2013-01-01,31,PRODUCE,0.0,0,Babahoyo,Los Rios,B,10,2013,1,1,1,1,0,1,2,30,-83.83053
2013-01-01,31,SCHOOL AND OFFICE SUPPLIES,0.0,0,Babahoyo,Los Rios,B,10,2013,1,1,1,1,0,1,2,31,-64.68994
2013-01-01,31,SEAFOOD,0.0,0,Babahoyo,Los Rios,B,10,2013,1,1,1,1,0,1,2,32,-63.522766
2013-01-01,32,AUTOMOTIVE,0.0,0,Guayaquil,Guayas,C,3,2013,1,1,1,1,0,1,3,0,-102.1422
2013-01-01,32,BABY CARE,0.0,0,Guayaquil,Guayas,C,3,2013,1,1,1,1,0,1,3,1,-103.95906
2013-01-01,32,BEAUTY,0.0,0,Guayaquil,Guayas,C,3,2013,1,1,1,1,0,1,3,2,-103.61023
2013-01-01,32,BEVERAGES,0.0,0,Guayaquil,Guayas,C,3,2013,1,1,1,1,0,1,3,3,604.37103
2013-01-01,32,BOOKS,0.0,0,Guayaquil,Guayas,C,3,2013,1,1,1,1,0,1,3,4,-163.28738
2013-01-01,32,BREAD/BAKERY,0.0,0,Guayaquil,Guayas,C,3,2013,1,1,1,1,0,1,3,5,100.37434
2013-01-01,32,CELEBRATION,0.0,0,Guayaquil,Guayas,C,3,2013,1,1,1,1,0,1,3,6,-167.32574
2013-01-01,32,CLEANING,0.0,0,Guayaquil,Guayas,C,3,2013,1,1,1,1,0,1,3,7,501.94434
2013-01-01,32,DAIRY,0.0,0,Guayaquil,Guayas,C,3,2013,1,1,1,1,0,1,3,8,168.09558
2013-01-01,32,DELI,0.0,0,Guayaquil,Guayas,C,3,2013,1,1,1,1,0,1,3,9,-13.336134
2013-01-01,32,EGGS,0.0,0,Guayaquil,Guayas,C,3,2013,1,1,1,1,0,1,3,10,-48.72328
2013-01-01,32,FROZEN FOODS,0.0,0,Guayaquil,Guayas,C,3,2013,1,1,1,1,0,1,3,11,-62.53607
2013-01-01,32,GROCERY I,0.0,0,Guayaquil,Guayas,C,3,2013,1,1,1,1,0,1,3,12,939.24207
2013-01-01,32,GROCERY II,0.0,0,Guayaquil,Guayas,C,3,2013,1,1,1,1,0,1,3,13,-44.178825
2013-01-01,32,HARDWARE,0.0,0,Guayaquil,Guayas,C,3,2013,1,1,1,1,0,1,3,14,-47.326763
2013-01-01,32,HOME AND KITCHEN I,0.0,0,Guayaquil,Guayas,C,3,2013,1,1,1,1,0,1,3,15,-47.326763
2013-01-01,32,HOME AND KITCHEN II,0.0,0,Guayaquil,Guayas,C,3,2013,1,1,1,1,0,1,3,16,-47.326763
2013-01-01,32,HOME APPLIANCES,0.0,0,Guayaquil,Guayas,C,3,2013,1,1,1,1,0,1,3,17,-47.326763
2013-01-01,32,HOME CARE,0.0,0,Guayaquil,Guayas,C,3,2013,1,1,1,1,0,1,3,18,-25.374712
2013-01-01,32,LADIESWEAR,0.0,0,Guayaquil,Guayas,C,3,2013,1,1,1,1,0,1,3,19,-39.578915
2013-01-01,32,LAWN AND GARDEN,0.0,0,Guayaquil,Guayas,C,3,2013,1,1,1,1,0,1,3,20,-39.578915
2013-01-01,32,LINGERIE,0.0,0,Guayaquil,Guayas,C,3,2013,1,1,1,1,0,1,3,21,-39.578915
2013-01-01,32,"LIQUOR,WINE,BEER",0.0,0,Guayaquil,Guayas,C,3,2013,1,1,1,1,0,1,3,22,-12.964878
2013-01-01,32,MAGAZINES,0.0,0,Guayaquil,Guayas,C,3,2013,1,1,1,1,0,1,3,23,-32.68111
2013-01-01,32,MEATS,0.0,0,Guayaquil,Guayas,C,3,2013,1,1,1,1,0,1,3,24,89.296234
2013-01-01,32,PERSONAL CARE,0.0,0,Guayaquil,Guayas,C,3,2013,1,1,1,1,0,1,3,25,75.624374
2013-01-01,32,PET SUPPLIES,0.0,0,Guayaquil,Guayas,C,3,2013,1,1,1,1,0,1,3,26,-69.85612
2013-01-01,32,PLAYERS AND ELECTRONICS,0.0,0,Guayaquil,Guayas,C,3,2013,1,1,1,1,0,1,3,27,-69.85612
2013-01-01,32,POULTRY,0.0,0,Guayaquil,Guayas,C,3,2013,1,1,1,1,0,1,3,28,17.478004
2013-01-01,32,PREPARED FOODS,0.0,0,Guayaquil,Guayas,C,3,2013,1,1,1,1,0,1,3,29,-82.184906
2013-01-01,32,PRODUCE,0.0,0,Guayaquil,Guayas,C,3,2013,1,1,1,1,0,1,3,30,-79.460754
2013-01-01,32,SCHOOL AND OFFICE SUPPLIES,0.0,0,Guayaquil,Guayas,C,3,2013,1,1,1,1,0,1,3,31,-115.81902
2013-01-01,32,SEAFOOD,0.0,0,Guayaquil,Guayas,C,3,2013,1,1,1,1,0,1,3,32,-114.65185
2013-01-01,33,AUTOMOTIVE,0.0,0,Quevedo,Los Rios,C,3,2013,1,1,1,1,0,1,3,0,-61.941914
2013-01-01,33,BABY CARE,0.0,0,Quevedo,Los Rios,C,3,2013,1,1,1,1,0,1,3,1,-63.758762
2013-01-01,33,BEAUTY,0.0,0,Quevedo,Los Rios,C,3,2013,1,1,1,1,0,1,3,2,-63.409946
2013-01-01,33,BEVERAGES,0.0,0,Quevedo,Los Rios,C,3,2013,1,1,1,1,0,1,3,3,666.4246
2013-01-01,33,BOOKS,0.0,0,Quevedo,Los Rios,C,3,2013,1,1,1,1,0,1,3,4,-119.425
2013-01-01,33,BREAD/BAKERY,0.0,0,Quevedo,Los Rios,C,3,2013,1,1,1,1,0,1,3,5,144.23668
2013-01-01,33,CELEBRATION,0.0,0,Quevedo,Los Rios,C,3,2013,1,1,1,1,0,1,3,6,-123.46338
2013-01-01,33,CLEANING,0.0,0,Quevedo,Los Rios,C,3,2013,1,1,1,1,0,1,3,7,545.8066
2013-01-01,33,DAIRY,0.0,0,Quevedo,Los Rios,C,3,2013,1,1,1,1,0,1,3,8,211.95798
2013-01-01,33,DELI,0.0,0,Quevedo,Los Rios,C,3,2013,1,1,1,1,0,1,3,9,30.526197
2013-01-01,33,EGGS,0.0,0,Quevedo,Los Rios,C,3,2013,1,1,1,1,0,1,3,10,-4.8609695
2013-01-01,33,FROZEN FOODS,0.0,0,Quevedo,Los Rios,C,3,2013,1,1,1,1,0,1,3,11,-18.673714
2013-01-01,33,GROCERY I,0.0,0,Quevedo,Los Rios,C,3,2013,1,1,1,1,0,1,3,12,1037.21
2013-01-01,33,GROCERY II,0.0,0,Quevedo,Los Rios,C,3,2013,1,1,1,1,0,1,3,13,-19.495802
2013-01-01,33,HARDWARE,0.0,0,Quevedo,Los Rios,C,3,2013,1,1,1,1,0,1,3,14,-22.643747
2013-01-01,33,HOME AND KITCHEN I,0.0,0,Quevedo,Los Rios,C,3,2013,1,1,1,1,0,1,3,15,-22.643747
2013-01-01,33,HOME AND KITCHEN II,0.0,0,Quevedo,Los Rios,C,3,2013,1,1,1,1,0,1,3,16,-22.643747
2013-01-01,33,HOME APPLIANCES,0.0,0,Quevedo,Los Rios,C,3,2013,1,1,1,1,0,1,3,17,-22.643747
2013-01-01,33,HOME CARE,0.0,0,Quevedo,Los Rios,C,3,2013,1,1,1,1,0,1,3,18,-3.9487429
2013-01-01,33,LADIESWEAR,0.0,0,Quevedo,Los Rios,C,3,2013,1,1,1,1,0,1,3,19,-17.588346
2013-01-01,33,LAWN AND GARDEN,0.0,0,Quevedo,Los Rios,C,3,2013,1,1,1,1,0,1,3,20,-17.588346
2013-01-01,33,LINGERIE,0.0,0,Quevedo,Los Rios,C,3,2013,1,1,1,1,0,1,3,21,-17.588346
2013-01-01,33,"LIQUOR,WINE,BEER",0.0,0,Quevedo,Los Rios,C,3,2013,1,1,1,1,0,1,3,22,12.51679
2013-01-01,33,MAGAZINES,0.0,0,Quevedo,Los Rios,C,3,2013,1,1,1,1,0,1,3,23,-7.1994386
2013-01-01,33,MEATS,0.0,0,Quevedo,Los Rios,C,3,2013,1,1,1,1,0,1,3,24,114.77791
2013-01-01,33,PERSONAL CARE,0.0,0,Quevedo,Los Rios,C,3,2013,1,1,1,1,0,1,3,25,101.106064
2013-01-01,33,PET SUPPLIES,0.0,0,Quevedo,Los Rios,C,3,2013,1,1,1,1,0,1,3,26,-44.37445
2013-01-01,33,PLAYERS AND ELECTRONICS,0.0,0,Quevedo,Los Rios,C,3,2013,1,1,1,1,0,1,3,27,-44.37445
2013-01-01,33,POULTRY,0.0,0,Quevedo,Los Rios,C,3,2013,1,1,1,1,0,1,3,28,42.95967
2013-01-01,33,PREPARED FOODS,0.0,0,Quevedo,Los Rios,C,3,2013,1,1,1,1,0,1,3,29,-56.70321
2013-01-01,33,PRODUCE,0.0,0,Quevedo,Los Rios,C,3,2013,1,1,1,1,0,1,3,30,-53.979053
2013-01-01,33,SCHOOL AND OFFICE SUPPLIES,0.0,0,Quevedo,Los Rios,C,3,2013,1,1,1,1,0,1,3,31,-90.33735
2013-01-01,33,SEAFOOD,0.0,0,Quevedo,Los Rios,C,3,2013,1,1,1,1,0,1,3,32,-89.17017
2013-01-01,34,AUTOMOTIVE,0.0,0,Guayaquil,Guayas,B,6,2013,1,1,1,1,0,1,2,0,-39.14829
2013-01-01,34,BABY CARE,0.0,0,Guayaquil,Guayas,B,6,2013,1,1,1,1,0,1,2,1,-40.965137
2013-01-01,34,BEAUTY,0.0,0,Guayaquil,Guayas,B,6,2013,1,1,1,1,0,1,2,2,-40.61632
2013-01-01,34,BEVERAGES,0.0,0,Guayaquil,Guayas,B,6,2013,1,1,1,1,0,1,2,3,844.0285
2013-01-01,34,BOOKS,0.0,0,Guayaquil,Guayas,B,6,2013,1,1,1,1,0,1,2,4,-88.44216
2013-01-01,34,BREAD/BAKERY,0.0,0,Guayaquil,Guayas,B,6,2013,1,1,1,1,0,1,2,5,230.346
2013-01-01,34,CELEBRATION,0.0,0,Guayaquil,Guayas,B,6,2013,1,1,1,1,0,1,2,6,-71.261284
2013-01-01,34,CLEANING,0.0,0,Guayaquil,Guayas,B,6,2013,1,1,1,1,0,1,2,7,706.7411
2013-01-01,34,DAIRY,0.0,0,Guayaquil,Guayas,B,6,2013,1,1,1,1,0,1,2,8,348.84314
2013-01-01,34,DELI,0.0,0,Guayaquil,Guayas,B,6,2013,1,1,1,1,0,1,2,9,139.46364
2013-01-01,34,EGGS,0.0,0,Guayaquil,Guayas,B,6,2013,1,1,1,1,0,1,2,10,1.507452
2013-01-01,34,FROZEN FOODS,0.0,0,Guayaquil,Guayas,B,6,2013,1,1,1,1,0,1,2,11,-12.305321
2013-01-01,34,GROCERY I,0.0,0,Guayaquil,Guayas,B,6,2013,1,1,1,1,0,1,2,12,1582.6537
2013-01-01,34,GROCERY II,0.0,0,Guayaquil,Guayas,B,6,2013,1,1,1,1,0,1,2,13,-6.8725796
2013-01-01,34,HARDWARE,0.0,0,Guayaquil,Guayas,B,6,2013,1,1,1,1,0,1,2,14,-10.020525
2013-01-01,34,HOME AND KITCHEN I,0.0,0,Guayaquil,Guayas,B,6,2013,1,1,1,1,0,1,2,15,-10.020525
2013-01-01,34,HOME AND KITCHEN II,0.0,0,Guayaquil,Guayas,B,6,2013,1,1,1,1,0,1,2,16,-10.020525
2013-01-01,34,HOME APPLIANCES,0.0,0,Guayaquil,Guayas,B,6,2013,1,1,1,1,0,1,2,17,-10.020525
2013-01-01,34,HOME CARE,0.0,0,Guayaquil,Guayas,B,6,2013,1,1,1,1,0,1,2,18,24.728775
2013-01-01,34,LADIESWEAR,0.0,0,Guayaquil,Guayas,B,6,2013,1,1,1,1,0,1,2,19,-7.0974884
2013-01-01,34,LAWN AND GARDEN,0.0,0,Guayaquil,Guayas,B,6,2013,1,1,1,1,0,1,2,20,-7.0974884
2013-01-01,34,LINGERIE,0.0,0,Guayaquil,Guayas,B,6,2013,1,1,1,1,0,1,2,21,-7.0974884
2013-01-01,34,"LIQUOR,WINE,BEER",0.0,0,Guayaquil,Guayas,B,6,2013,1,1,1,1,0,1,2,22,23.007658
2013-01-01,34,MAGAZINES,0.0,0,Guayaquil,Guayas,B,6,2013,1,1,1,1,0,1,2,23,3.2914248
2013-01-01,34,MEATS,0.0,0,Guayaquil,Guayas,B,6,2013,1,1,1,1,0,1,2,24,240.94662
2013-01-01,34,PERSONAL CARE,0.0,0,Guayaquil,Guayas,B,6,2013,1,1,1,1,0,1,2,25,180.17596
2013-01-01,34,PET SUPPLIES,0.0,0,Guayaquil,Guayas,B,6,2013,1,1,1,1,0,1,2,26,-53.569992
2013-01-01,34,PLAYERS AND ELECTRONICS,0.0,0,Guayaquil,Guayas,B,6,2013,1,1,1,1,0,1,2,27,-53.569992
2013-01-01,34,POULTRY,0.0,0,Guayaquil,Guayas,B,6,2013,1,1,1,1,0,1,2,28,69.380066
2013-01-01,34,PREPARED FOODS,0.0,0,Guayaquil,Guayas,B,6,2013,1,1,1,1,0,1,2,29,-74.06227
2013-01-01,34,PRODUCE,0.0,0,Guayaquil,Guayas,B,6,2013,1,1,1,1,0,1,2,30,-83.25048
2013-01-01,34,SCHOOL AND OFFICE SUPPLIES,0.0,0,Guayaquil,Guayas,B,6,2013,1,1,1,1,0,1,2,31,-71.497116
2013-01-01,34,SEAFOOD,0.0,0,Guayaquil,Guayas,B,6,2013,1,1,1,1,0,1,2,32,-70.32993
2013-01-01,35,AUTOMOTIVE,0.0,0,Playas,Guayas,C,3,2013,1,1,1,1,0,1,3,0,-74.44893
2013-01-01,35,BABY CARE,0.0,0,Playas,Guayas,C,3,2013,1,1,1,1,0,1,3,1,-76.26578
2013-01-01,35,BEAUTY,0.0,0,Playas,Guayas,C,3,2013,1,1,1,1,0,1,3,2,-75.91696
2013-01-01,35,BEVERAGES,0.0,0,Playas,Guayas,C,3,2013,1,1,1,1,0,1,3,3,653.9176
2013-01-01,35,BOOKS,0.0,0,Playas,Guayas,C,3,2013,1,1,1,1,0,1,3,4,-131.93202
2013-01-01,35,BREAD/BAKERY,0.0,0,Playas,Guayas,C,3,2013,1,1,1,1,0,1,3,5,131.72966
2013-01-01,35,CELEBRATION,0.0,0,Playas,Guayas,C,3,2013,1,1,1,1,0,1,3,6,-135.9704
2013-01-01,35,CLEANING,0.0,0,Playas,Guayas,C,3,2013,1,1,1,1,0,1,3,7,533.2996
2013-01-01,35,DAIRY,0.0,0,Playas,Guayas,C,3,2013,1,1,1,1,0,1,3,8,199.45096
2013-01-01,35,DELI,0.0,0,Playas,Guayas,C,3,2013,1,1,1,1,0,1,3,9,18.019186
2013-01-01,35,EGGS,0.0,0,Playas,Guayas,C,3,2013,1,1,1,1,0,1,3,10,-17.367989
2013-01-01,35,FROZEN FOODS,0.0,0,Playas,Guayas,C,3,2013,1,1,1,1,0,1,3,11,-31.180716
2013-01-01,35,GROCERY I,0.0,0,Playas,Guayas,C,3,2013,1,1,1,1,0,1,3,12,1024.7029
2013-01-01,35,GROCERY II,0.0,0,Playas,Guayas,C,3,2013,1,1,1,1,0,1,3,13,-22.246756
2013-01-01,35,HARDWARE,0.0,0,Playas,Guayas,C,3,2013,1,1,1,1,0,1,3,14,-25.394701
2013-01-01,35,HOME AND KITCHEN I,0.0,0,Playas,Guayas,C,3,2013,1,1,1,1,0,1,3,15,-25.394701
2013-01-01,35,HOME AND KITCHEN II,0.0,0,Playas,Guayas,C,3,2013,1,1,1,1,0,1,3,16,-25.394701
2013-01-01,35,HOME APPLIANCES,0.0,0,Playas,Guayas,C,3,2013,1,1,1,1,0,1,3,17,-25.394701
2013-01-01,35,HOME CARE,0.0,0,Playas,Guayas,C,3,2013,1,1,1,1,0,1,3,18,-6.699697
2013-01-01,35,LADIESWEAR,0.0,0,Playas,Guayas,C,3,2013,1,1,1,1,0,1,3,19,-20.339304
2013-01-01,35,LAWN AND GARDEN,0.0,0,Playas,Guayas,C,3,2013,1,1,1,1,0,1,3,20,-20.339304
2013-01-01,35,LINGERIE,0.0,0,Playas,Guayas,C,3,2013,1,1,1,1,0,1,3,21,-20.339304
2013-01-01,35,"LIQUOR,WINE,BEER",0.0,0,Playas,Guayas,C,3,2013,1,1,1,1,0,1,3,22,9.765835
2013-01-01,35,MAGAZINES,0.0,0,Playas,Guayas,C,3,2013,1,1,1,1,0,1,3,23,-9.950394
2013-01-01,35,MEATS,0.0,0,Playas,Guayas,C,3,2013,1,1,1,1,0,1,3,24,112.02695
2013-01-01,35,PERSONAL CARE,0.0,0,Playas,Guayas,C,3,2013,1,1,1,1,0,1,3,25,98.35508
2013-01-01,35,PET SUPPLIES,0.0,0,Playas,Guayas,C,3,2013,1,1,1,1,0,1,3,26,-47.12541
2013-01-01,35,PLAYERS AND ELECTRONICS,0.0,0,Playas,Guayas,C,3,2013,1,1,1,1,0,1,3,27,-47.12541
2013-01-01,35,POULTRY,0.0,0,Playas,Guayas,C,3,2013,1,1,1,1,0,1,3,28,40.208717
2013-01-01,35,PREPARED FOODS,0.0,0,Playas,Guayas,C,3,2013,1,1,1,1,0,1,3,29,-59.454163
2013-01-01,35,PRODUCE,0.0,0,Playas,Guayas,C,3,2013,1,1,1,1,0,1,3,30,-56.730007
2013-01-01,35,SCHOOL AND OFFICE SUPPLIES,0.0,0,Playas,Guayas,C,3,2013,1,1,1,1,0,1,3,31,-93.0883
2013-01-01,35,SEAFOOD,0.0,0,Playas,Guayas,C,3,2013,1,1,1,1,0,1,3,32,-91.92113
2013-01-01,36,AUTOMOTIVE,0.0,0,Libertad,Guayas,E,10,2013,1,1,1,1,0,1,5,0,-49.3089
2013-01-01,36,BABY CARE,0.0,0,Libertad,Guayas,E,10,2013,1,1,1,1,0,1,5,1,-51.125748
2013-01-01,36,BEAUTY,0.0,0,Libertad,Guayas,E,10,2013,1,1,1,1,0,1,5,2,-50.77693
2013-01-01,36,BEVERAGES,0.0,0,Libertad,Guayas,E,10,2013,1,1,1,1,0,1,5,3,749.2944
2013-01-01,36,BOOKS,0.0,0,Libertad,Guayas,E,10,2013,1,1,1,1,0,1,5,4,-100.08841
2013-01-01,36,BREAD/BAKERY,0.0,0,Libertad,Guayas,E,10,2013,1,1,1,1,0,1,5,5,163.57329
2013-01-01,36,CELEBRATION,0.0,0,Libertad,Guayas,E,10,2013,1,1,1,1,0,1,5,6,-104.12677
2013-01-01,36,CLEANING,0.0,0,Libertad,Guayas,E,10,2013,1,1,1,1,0,1,5,7,546.07965
2013-01-01,36,DAIRY,0.0,0,Libertad,Guayas,E,10,2013,1,1,1,1,0,1,5,8,231.29457
2013-01-01,36,DELI,0.0,0,Libertad,Guayas,E,10,2013,1,1,1,1,0,1,5,9,49.86284
2013-01-01,36,EGGS,0.0,0,Libertad,Guayas,E,10,2013,1,1,1,1,0,1,5,10,14.475676
2013-01-01,36,FROZEN FOODS,0.0,0,Libertad,Guayas,E,10,2013,1,1,1,1,0,1,5,11,0.6628494
2013-01-01,36,GROCERY I,0.0,0,Libertad,Guayas,E,10,2013,1,1,1,1,0,1,5,12,1363.6029
2013-01-01,36,GROCERY II,0.0,0,Libertad,Guayas,E,10,2013,1,1,1,1,0,1,5,13,0.09815496
2013-01-01,36,HARDWARE,0.0,0,Libertad,Guayas,E,10,2013,1,1,1,1,0,1,5,14,-3.049791
2013-01-01,36,HOME AND KITCHEN I,0.0,0,Libertad,Guayas,E,10,2013,1,1,1,1,0,1,5,15,-3.049791
2013-01-01,36,HOME AND KITCHEN II,0.0,0,Libertad,Guayas,E,10,2013,1,1,1,1,0,1,5,16,-3.049791
2013-01-01,36,HOME APPLIANCES,0.0,0,Libertad,Guayas,E,10,2013,1,1,1,1,0,1,5,17,-3.049791
2013-01-01,36,HOME CARE,0.0,0,Libertad,Guayas,E,10,2013,1,1,1,1,0,1,5,18,15.645212
2013-01-01,36,LADIESWEAR,0.0,0,Libertad,Guayas,E,10,2013,1,1,1,1,0,1,5,19,2.0056076
2013-01-01,36,LAWN AND GARDEN,0.0,0,Libertad,Guayas,E,10,2013,1,1,1,1,0,1,5,20,2.0056076
2013-01-01,36,LINGERIE,0.0,0,Libertad,Guayas,E,10,2013,1,1,1,1,0,1,5,21,2.0056076
2013-01-01,36,"LIQUOR,WINE,BEER",0.0,0,Libertad,Guayas,E,10,2013,1,1,1,1,0,1,5,22,32.110733
2013-01-01,36,MAGAZINES,0.0,0,Libertad,Guayas,E,10,2013,1,1,1,1,0,1,5,23,12.394522
2013-01-01,36,MEATS,0.0,0,Libertad,Guayas,E,10,2013,1,1,1,1,0,1,5,24,134.3719
2013-01-01,36,PERSONAL CARE,0.0,0,Libertad,Guayas,E,10,2013,1,1,1,1,0,1,5,25,120.70004
2013-01-01,36,PET SUPPLIES,0.0,0,Libertad,Guayas,E,10,2013,1,1,1,1,0,1,5,26,-24.780495
2013-01-01,36,PLAYERS AND ELECTRONICS,0.0,0,Libertad,Guayas,E,10,2013,1,1,1,1,0,1,5,27,-24.780495
2013-01-01,36,POULTRY,0.0,0,Libertad,Guayas,E,10,2013,1,1,1,1,0,1,5,28,62.55362
2013-01-01,36,PREPARED FOODS,0.0,0,Libertad,Guayas,E,10,2013,1,1,1,1,0,1,5,29,-34.561775
2013-01-01,36,PRODUCE,0.0,0,Libertad,Guayas,E,10,2013,1,1,1,1,0,1,5,30,-16.222149
2013-01-01,36,SCHOOL AND OFFICE SUPPLIES,0.0,0,Libertad,Guayas,E,10,2013,1,1,1,1,0,1,5,31,-45.19324
2013-01-01,36,SEAFOOD,0.0,0,Libertad,Guayas,E,10,2013,1,1,1,1,0,1,5,32,-44.02607
2013-01-01,37,AUTOMOTIVE,0.0,0,Cuenca,Azuay,D,2,2013,1,1,1,1,0,1,4,0,-9.264399
2013-01-01,37,BABY CARE,0.0,0,Cuenca,Azuay,D,2,2013,1,1,1,1,0,1,4,1,-11.081242
2013-01-01,37,BEAUTY,0.0,0,Cuenca,Azuay,D,2,2013,1,1,1,1,0,1,4,2,-10.732428
2013-01-01,37,BEVERAGES,0.0,0,Cuenca,Azuay,D,2,2013,1,1,1,1,0,1,4,3,787.84186
2013-01-01,37,BOOKS,0.0,0,Cuenca,Azuay,D,2,2013,1,1,1,1,0,1,4,4,-60.043903
2013-01-01,37,BREAD/BAKERY,0.0,0,Cuenca,Azuay,D,2,2013,1,1,1,1,0,1,4,5,203.61783
2013-01-01,37,CELEBRATION,0.0,0,Cuenca,Azuay,D,2,2013,1,1,1,1,0,1,4,6,-64.08226
2013-01-01,37,CLEANING,0.0,0,Cuenca,Azuay,D,2,2013,1,1,1,1,0,1,4,7,675.3818
2013-01-01,37,DAIRY,0.0,0,Cuenca,Azuay,D,2,2013,1,1,1,1,0,1,4,8,339.44626
2013-01-01,37,DELI,0.0,0,Cuenca,Azuay,D,2,2013,1,1,1,1,0,1,4,9,64.862305
